,date,boundsId,weight,quantity
0,2014-06-01 00:00:00,37,0.0,
1,2015-06-01 00:00:00,273,0.0,
2,2015-06-01 00:00:00,435,0.0,
3,2015-06-01 00:00:00,904,800.0,
4,2015-06-01 00:00:00,450,0.0,
5,2015-06-01 00:00:00,494,80.0,
6,2015-06-01 00:00:00,846,300.0,
7,2016-04-01 00:00:00,743,10000.0,
8,2016-05-01 00:00:00,501,1540.0,
9,2016-06-01 00:00:00,494,0.0,
10,2016-06-01 00:00:00,99,0.0,
11,2016-06-01 00:00:00,708,75.0,
12,2016-06-01 00:00:00,612,0.0,
13,2016-06-01 00:00:00,341,0.0,
14,2016-06-01 00:00:00,450,0.0,
15,2017-03-01 00:00:00,611,150.0,
16,2017-03-01 00:00:00,615,150.0,
17,2017-03-01 00:00:00,448,150.0,
18,2017-03-01 00:00:00,552,200.0,
19,2017-04-01 00:00:00,432,40.0,
20,2017-04-01 00:00:00,435,0.0,
21,2017-04-01 00:00:00,338,100.0,
22,2017-04-01 00:00:00,751,114.0,
23,2017-04-01 00:00:00,463,200.0,
24,2017-05-01 00:00:00,238,0.0,
25,2017-05-01 00:00:00,941,0.0,
26,2017-05-01 00:00:00,739,0.0,
27,2017-05-01 00:00:00,840,0.0,
28,2017-05-01 00:00:00,715,2500.0,
29,2017-06-01 00:00:00,772,229.99999999999997,
30,2017-06-01 00:00:00,804,250.0,
31,2017-06-01 00:00:00,463,300.0,
32,2017-06-01 00:00:00,425,950.0,
33,2017-06-01 00:00:00,127,0.0,
34,2017-06-01 00:00:00,775,0.0,
35,2017-06-01 00:00:00,839,0.0,
36,2017-06-01 00:00:00,344,0.0,
37,2017-06-01 00:00:00,431,0.0,
38,2017-06-01 00:00:00,870,0.0,
39,2017-06-01 00:00:00,589,2760.0,
40,2017-06-01 00:00:00,430,100.0,
41,2017-06-01 00:00:00,431,500.0,
42,2017-06-01 00:00:00,602,0.0,
43,2017-06-01 00:00:00,368,1000.0,
44,2017-06-01 00:00:00,454,0.0,
45,2017-06-01 00:00:00,611,400.0,
46,2017-06-01 00:00:00,460,2.0,
47,2017-06-01 00:00:00,433,0.0,
48,2017-06-01 00:00:00,774,2500.0,
49,2017-06-01 00:00:00,560,150.0,
50,2017-06-01 00:00:00,194,0.0,
51,2017-06-01 00:00:00,985,0.0,
52,2017-06-01 00:00:00,449,0.0,
53,2017-06-01 00:00:00,774,0.0,
54,2017-06-01 00:00:00,311,0.0,
55,2017-06-01 00:00:00,1002,1499.9999999999998,
56,2017-06-01 00:00:00,614,0.0,
57,2017-06-01 00:00:00,462,160.0,
58,2017-06-01 00:00:00,670,0.0,
59,2017-06-01 00:00:00,310,150.0,
60,2017-06-01 00:00:00,395,0.0,
61,2017-06-01 00:00:00,370,600.0,
62,2017-06-01 00:00:00,563,900.0000000000001,
63,2017-06-01 00:00:00,766,0.0,
64,2017-06-01 00:00:00,238,500.0,
65,2017-07-01 00:00:00,840,0.0,
66,2017-07-01 00:00:00,782,0.0,
67,2017-07-01 00:00:00,341,0.0,
68,2017-07-01 00:00:00,554,0.0,
69,2017-07-01 00:00:00,274,0.0,
70,2017-07-01 00:00:00,463,0.0,
71,2017-07-01 00:00:00,588,0.0,
72,2017-08-01 00:00:00,565,250.0,
73,2017-08-01 00:00:00,368,10.0,
74,2017-08-01 00:00:00,531,0.0,
75,2017-10-01 00:00:00,337,0.0,
76,2017-10-01 00:00:00,99,1450.0,
77,2017-10-01 00:00:00,544,0.0,
78,2017-10-01 00:00:00,584,0.0,
79,2017-10-01 00:00:00,1002,3500.0,
80,2017-10-01 00:00:00,744,0.0,
81,2017-10-01 00:00:00,804,0.0,
82,2017-11-01 00:00:00,583,0.0,
83,2017-11-01 00:00:00,582,0.0,
84,2017-11-01 00:00:00,680,0.0,
85,2017-11-01 00:00:00,846,670.0,
86,2017-11-01 00:00:00,588,400.0,
87,2017-11-01 00:00:00,590,350.0,
88,2017-11-01 00:00:00,774,0.0,
89,2017-11-01 00:00:00,1003,4000.0,
90,2017-11-01 00:00:00,707,0.0,
91,2017-11-01 00:00:00,1001,2300.0,
92,2017-11-01 00:00:00,588,0.0,
93,2017-12-01 00:00:00,649,0.0,
94,2017-12-01 00:00:00,869,0.0,
95,2017-12-01 00:00:00,808,0.0,
96,2017-12-01 00:00:00,680,0.0,
97,2017-12-01 00:00:00,580,0.0,
98,2017-12-01 00:00:00,615,0.0,
99,2017-12-01 00:00:00,461,0.0,
100,2018-01-01 00:00:00,585,0.0,
101,2018-01-01 00:00:00,649,0.0,
102,2018-01-01 00:00:00,584,0.0,
103,2018-01-01 00:00:00,598,0.0,
104,2018-02-01 00:00:00,602,80.0,
105,2018-03-01 00:00:00,206,100.0,
106,2018-04-01 00:00:00,940,5500.0,
107,2018-04-01 00:00:00,552,30.0,
108,2018-05-01 00:00:00,551,0.0,
109,2018-05-01 00:00:00,738,0.0,
110,2018-05-01 00:00:00,37,1000.0,
111,2018-05-01 00:00:00,436,0.0,
112,2018-05-01 00:00:00,611,855.0,
113,2018-05-01 00:00:00,617,3150.0,
114,2018-05-01 00:00:00,711,0.0,
115,2018-05-01 00:00:00,601,45.0,
116,2018-05-01 00:00:00,556,7.0,
117,2018-05-01 00:00:00,488,80.0,
118,2018-05-01 00:00:00,267,6240.0,
119,2018-05-01 00:00:00,774,1499.9999999999998,
120,2018-05-01 00:00:00,433,1160.0,
121,2018-05-01 00:00:00,839,0.0,
122,2018-05-01 00:00:00,776,0.0,
123,2018-05-01 00:00:00,529,610.0,
124,2018-05-01 00:00:00,611,40.0,
125,2018-05-01 00:00:00,347,580.0,
126,2018-05-01 00:00:00,741,200.0,
127,2018-05-01 00:00:00,528,100.0,
128,2018-05-01 00:00:00,239,35.0,
129,2018-06-01 00:00:00,739,1000.0,
130,2018-06-01 00:00:00,220,140.0,
131,2018-06-01 00:00:00,368,459.99999999999994,
132,2018-06-01 00:00:00,803,2000.0,
133,2018-06-01 00:00:00,707,30.0,
134,2018-06-01 00:00:00,531,550.0,
135,2018-06-01 00:00:00,308,200.0,
136,2018-06-01 00:00:00,846,0.0,
137,2018-06-01 00:00:00,159,0.0,
138,2018-06-01 00:00:00,159,0.0,
139,2018-06-01 00:00:00,462,0.0,
140,2018-06-01 00:00:00,498,0.0,
141,2018-06-01 00:00:00,287,100.0,
142,2018-06-01 00:00:00,310,60.0,
143,2018-06-01 00:00:00,494,0.0,
144,2018-06-01 00:00:00,495,75.0,
145,2018-06-01 00:00:00,687,0.0,
146,2018-06-01 00:00:00,346,0.0,
147,2018-06-01 00:00:00,751,0.0,
148,2018-06-01 00:00:00,454,6.0,
149,2018-06-01 00:00:00,436,200.0,
150,2018-06-01 00:00:00,489,3600.0000000000005,
151,2018-06-01 00:00:00,400,0.0,
152,2018-06-01 00:00:00,616,37.0,
153,2018-06-01 00:00:00,339,180.0,
154,2018-06-01 00:00:00,846,450.00000000000006,
155,2018-06-01 00:00:00,599,100.0,
156,2018-06-01 00:00:00,782,900.0000000000001,
157,2018-06-01 00:00:00,489,0.0,
158,2018-06-01 00:00:00,423,0.0,
159,2018-06-01 00:00:00,611,5000.0,
160,2018-06-01 00:00:00,870,250.0,
161,2018-06-01 00:00:00,670,200.0,
162,2018-06-01 00:00:00,679,0.0,
163,2018-06-01 00:00:00,815,550.0,
164,2018-06-01 00:00:00,702,150.0,
165,2018-06-01 00:00:00,738,0.0,
166,2018-06-01 00:00:00,985,3500.0,
167,2018-06-01 00:00:00,601,0.0,
168,2018-06-01 00:00:00,554,600.0,
169,2018-06-01 00:00:00,462,0.0,
170,2018-06-01 00:00:00,431,0.0,
171,2018-06-01 00:00:00,194,0.0,
172,2018-06-01 00:00:00,183,100.0,
173,2018-06-01 00:00:00,459,0.0,
174,2018-06-01 00:00:00,310,2360.0,
175,2018-06-01 00:00:00,342,500.0,
176,2018-06-01 00:00:00,99,220.0,
177,2018-06-01 00:00:00,431,40.0,
178,2018-06-01 00:00:00,338,0.0,
179,2018-06-01 00:00:00,311,500.0,
180,2018-06-01 00:00:00,254,1200.0,
181,2018-06-01 00:00:00,255,0.0,
182,2018-06-01 00:00:00,843,0.0,
183,2018-06-01 00:00:00,554,1420.0,
184,2018-06-01 00:00:00,496,1760.0,
185,2018-06-01 00:00:00,805,1000.0,
186,2018-06-01 00:00:00,310,680.0,
187,2018-06-01 00:00:00,901,20.0,
188,2018-06-01 00:00:00,448,0.0,
189,2018-06-01 00:00:00,460,38.0,
190,2018-06-01 00:00:00,556,0.0,
191,2018-06-01 00:00:00,425,8.0,
192,2018-06-01 00:00:00,337,56.0,
193,2018-06-01 00:00:00,338,73.0,
194,2018-06-01 00:00:00,552,4.0,
195,2018-06-01 00:00:00,616,0.0,
196,2018-06-01 00:00:00,460,165.0,
197,2018-06-01 00:00:00,304,0.0,
198,2018-06-01 00:00:00,904,0.0,
199,2018-06-01 00:00:00,623,0.0,
200,2018-06-01 00:00:00,431,36.0,
201,2018-06-01 00:00:00,431,0.0,
202,2018-06-01 00:00:00,583,3.0,
203,2018-06-01 00:00:00,432,62.0,
204,2018-06-01 00:00:00,432,32.0,
205,2018-06-01 00:00:00,584,0.0,
206,2018-06-01 00:00:00,584,15.0,
207,2018-06-01 00:00:00,432,0.0,
208,2018-06-01 00:00:00,449,29.0,
209,2018-06-01 00:00:00,435,50.0,
210,2018-06-01 00:00:00,589,0.0,
211,2018-06-01 00:00:00,614,0.0,
212,2018-06-01 00:00:00,483,0.0,
213,2018-06-01 00:00:00,601,60.0,
214,2018-06-01 00:00:00,436,103.0,
215,2018-06-01 00:00:00,483,5.0,
216,2018-06-01 00:00:00,489,0.0,
217,2018-06-01 00:00:00,489,0.0,
218,2018-06-01 00:00:00,489,8.0,
219,2018-06-01 00:00:00,366,0.0,
220,2018-06-01 00:00:00,363,0.0,
221,2018-06-01 00:00:00,752,114.0,
222,2018-06-01 00:00:00,469,40.0,
223,2018-06-01 00:00:00,469,120.0,
224,2018-06-01 00:00:00,467,70.0,
225,2018-06-01 00:00:00,370,201.0,
226,2018-06-01 00:00:00,344,242.00000000000003,
227,2018-06-01 00:00:00,515,0.0,
228,2018-06-01 00:00:00,372,126.0,
229,2018-06-01 00:00:00,529,8.0,
230,2018-06-01 00:00:00,422,7.0,
231,2018-06-01 00:00:00,838,15.0,
232,2018-06-01 00:00:00,837,40.0,
233,2018-06-01 00:00:00,922,194.0,
234,2018-06-01 00:00:00,971,100.0,
235,2018-06-01 00:00:00,687,0.0,
236,2018-06-01 00:00:00,404,220.0,
237,2018-06-01 00:00:00,340,0.0,
238,2018-06-01 00:00:00,751,400.0,
239,2018-06-01 00:00:00,752,0.0,
240,2018-06-01 00:00:00,954,0.0,
241,2018-06-01 00:00:00,424,2.0,
242,2018-06-01 00:00:00,770,0.0,
243,2018-07-01 00:00:00,460,0.0,
244,2018-07-01 00:00:00,639,1520.0,
245,2018-07-01 00:00:00,614,0.0,
246,2018-07-01 00:00:00,338,1020.0,
247,2018-07-01 00:00:00,395,0.0,
248,2018-07-01 00:00:00,462,100.0,
249,2018-08-01 00:00:00,601,500.0,
250,2018-08-01 00:00:00,340,10.0,
251,2018-08-01 00:00:00,846,0.0,
252,2018-08-01 00:00:00,496,550.0,
253,2018-08-01 00:00:00,276,1200.0,
254,2018-08-01 00:00:00,370,20.0,
255,2018-09-01 00:00:00,339,200.0,
256,2018-09-01 00:00:00,489,804.0,
257,2018-09-01 00:00:00,598,880.0,
258,2018-09-01 00:00:00,974,1400.0,
259,2018-09-01 00:00:00,357,260.0,
260,2018-09-01 00:00:00,460,1580.0,
261,2018-10-01 00:00:00,553,900.0000000000001,
262,2018-10-01 00:00:00,912,180.0,
263,2018-10-01 00:00:00,372,200.0,
264,2018-10-01 00:00:00,739,120.0,
265,2018-10-01 00:00:00,889,1000.0,
266,2018-11-01 00:00:00,782,0.0,
267,2018-11-01 00:00:00,342,0.0,
268,2018-11-01 00:00:00,683,2200.0,
269,2018-11-01 00:00:00,743,1650.0,
270,2018-11-01 00:00:00,716,930.0,
271,2018-11-01 00:00:00,562,600.0,
272,2018-11-01 00:00:00,531,980.0,
273,2018-12-01 00:00:00,565,2220.0,
274,2018-12-01 00:00:00,489,2999.9999999999995,
275,2018-12-01 00:00:00,814,0.0,
276,2018-12-01 00:00:00,500,0.0,
277,2019-02-01 00:00:00,457,10.0,
278,2019-03-01 00:00:00,363,500.0,
279,2019-04-01 00:00:00,738,0.0,
280,2019-04-01 00:00:00,739,0.0,
281,2019-04-01 00:00:00,739,400.0,
282,2019-04-01 00:00:00,743,400.0,
283,2019-04-01 00:00:00,345,70.0,
284,2019-04-01 00:00:00,614,759.0,
285,2019-04-01 00:00:00,301,780.0,
286,2019-04-01 00:00:00,724,200.0,
287,2019-04-01 00:00:00,602,100.0,
288,2019-05-01 00:00:00,339,0.0,
289,2019-05-01 00:00:00,602,150.0,
290,2019-05-01 00:00:00,483,300.0,
291,2019-05-01 00:00:00,707,1760.0,
292,2019-05-01 00:00:00,436,50.0,
293,2019-05-01 00:00:00,901,200.0,
294,2019-05-01 00:00:00,461,200.0,
295,2019-05-01 00:00:00,552,900.0000000000001,
296,2019-05-01 00:00:00,614,1000.0,
297,2019-05-01 00:00:00,558,0.0,
298,2019-05-01 00:00:00,558,300.0,
299,2019-05-01 00:00:00,552,160.0,
300,2019-05-01 00:00:00,601,20.0,
301,2019-05-01 00:00:00,601,75.0,
302,2019-05-01 00:00:00,601,60.0,
303,2019-05-01 00:00:00,846,0.0,
304,2019-05-01 00:00:00,871,950.0,
305,2019-05-01 00:00:00,716,50.0,
306,2019-05-01 00:00:00,395,40.0,
307,2019-05-01 00:00:00,978,370.00000000000006,
308,2019-05-01 00:00:00,616,400.0,
309,2019-05-01 00:00:00,680,1550.0,
310,2019-05-01 00:00:00,912,0.0,
311,2019-05-01 00:00:00,712,250.0,
312,2019-05-01 00:00:00,425,70.0,
313,2019-05-01 00:00:00,712,0.0,
314,2019-06-01 00:00:00,516,88.0,
315,2019-06-01 00:00:00,614,700.0,
316,2019-06-01 00:00:00,840,450.00000000000006,
317,2019-06-01 00:00:00,611,500.0,
318,2019-06-01 00:00:00,512,50.0,
319,2019-06-01 00:00:00,612,0.0,
320,2019-06-01 00:00:00,435,23.0,
321,2019-06-01 00:00:00,436,0.0,
322,2019-06-01 00:00:00,238,50.0,
323,2019-06-01 00:00:00,670,50.0,
324,2019-06-01 00:00:00,904,100.0,
325,2019-06-01 00:00:00,680,930.0,
326,2019-06-01 00:00:00,495,20.0,
327,2019-06-01 00:00:00,583,2200.0,
328,2019-06-01 00:00:00,712,0.0,
329,2019-06-01 00:00:00,340,760.0,
330,2019-06-01 00:00:00,422,180.0,
331,2019-06-01 00:00:00,684,3160.0,
332,2019-06-01 00:00:00,584,450.00000000000006,
333,2019-07-01 00:00:00,194,0.0,
334,2019-07-01 00:00:00,436,120.0,
335,2019-07-01 00:00:00,363,10.0,
336,2019-07-01 00:00:00,404,90.0,
337,2019-07-01 00:00:00,341,30.0,
338,2019-07-01 00:00:00,274,50.0,
339,2019-07-01 00:00:00,433,10.0,
340,2019-07-01 00:00:00,460,100.0,
341,2019-07-01 00:00:00,435,1499.9999999999998,
342,2019-07-01 00:00:00,369,550.0,
343,2019-07-01 00:00:00,463,0.0,
344,2019-07-01 00:00:00,371,450.00000000000006,
345,2019-07-01 00:00:00,639,400.0,
346,2019-07-01 00:00:00,496,70.0,
347,2019-07-01 00:00:00,612,3300.0,
348,2019-08-01 00:00:00,99,700.0,
349,2019-08-01 00:00:00,616,1499.9999999999998,
350,2019-08-01 00:00:00,395,860.0,
351,2019-08-01 00:00:00,395,860.0,
352,2019-09-01 00:00:00,601,225.00000000000003,
353,2019-09-01 00:00:00,451,300.0,
354,2019-09-01 00:00:00,583,300.0,
355,2019-09-01 00:00:00,618,8000.0,
356,2019-09-01 00:00:00,459,8.0,
357,2019-09-01 00:00:00,460,840.0,
358,2019-09-01 00:00:00,684,60.0,
359,2019-09-01 00:00:00,460,0.0,
360,2019-10-01,37,1216.1406874656677,0
361,2019-10-01,64,116.09554290771484,0
362,2019-10-01,96,130.1199197769165,0
363,2019-10-01,99,2140.8268809318542,0
364,2019-10-01,178,118.29018592834473,0
365,2019-10-01,203,119.56095695495605,0
366,2019-10-01,232,112.25998401641846,0
367,2019-10-01,233,219.48039531707764,0
368,2019-10-01,238,321.2195634841919,0
369,2019-10-01,254,1435.3376626968384,0
370,2019-10-01,264,158.68067741394043,0
371,2019-10-01,265,256.7484974861145,0
372,2019-10-01,267,7345.658540725708,0
373,2019-10-01,276,156.46427869796753,0
374,2019-10-01,301,853.2828092575073,0
375,2019-10-01,308,107.50353336334229,0
376,2019-10-01,310,3271.491825580597,0
377,2019-10-01,328,131.50572776794434,0
378,2019-10-01,338,669.1280007362366,0
379,2019-10-01,342,314.49317932128906,0
380,2019-10-01,344,121.95378541946411,0
381,2019-10-01,347,279.0045738220215,0
382,2019-10-01,357,359.97092723846436,0
383,2019-10-01,360,115.0965690612793,0
384,2019-10-01,363,150.77710151672363,0
385,2019-10-01,368,295.4438328742981,0
386,2019-10-01,370,169.4074273109436,0
387,2019-10-01,425,471.0876941680908,0
388,2019-10-01,431,100.82423686981201,0
389,2019-10-01,433,1628.9040446281433,0
390,2019-10-01,448,101.88311338424683,0
391,2019-10-01,454,1128.6666989326477,0
392,2019-10-01,457,116.2371039390564,0
393,2019-10-01,460,2086.1047506332397,0
394,2019-10-01,462,145.52712440490723,0
395,2019-10-01,482,104.05510663986206,0
396,2019-10-01,489,4916.700124740601,0
397,2019-10-01,494,106.93907737731934,0
398,2019-10-01,496,450.26302337646484,0
399,2019-10-01,501,1770.8155512809753,0
400,2019-10-01,531,4331.258535385132,0
401,2019-10-01,554,285.6403589248657,0
402,2019-10-01,562,270.10321617126465,0
403,2019-10-01,563,675.2440333366394,0
404,2019-10-01,565,357.3837876319885,0
405,2019-10-01,575,224.25532341003418,0
406,2019-10-01,576,642.092227935791,0
407,2019-10-01,577,101.49478912353516,0
408,2019-10-01,589,1707.579493522644,0
409,2019-10-01,598,1517.0419216156006,0
410,2019-10-01,601,531.6385626792908,0
411,2019-10-01,607,175.78274011611938,0
412,2019-10-01,608,688.0074739456177,0
413,2019-10-01,609,112.45846748352051,0
414,2019-10-01,611,8213.759660720825,0
415,2019-10-01,614,809.2677593231201,0
416,2019-10-01,617,259.91111993789673,0
417,2019-10-01,639,2690.4597878456116,0
418,2019-10-01,649,398.1718420982361,0
419,2019-10-01,680,277.75853872299194,0
420,2019-10-01,683,288.23673725128174,0
421,2019-10-01,684,314.5843744277954,0
422,2019-10-01,704,139.27072286605835,0
423,2019-10-01,710,133.71139764785767,0
424,2019-10-01,712,132.6507329940796,0
425,2019-10-01,713,203.76712083816528,0
426,2019-10-01,715,963.6464715003967,0
427,2019-10-01,716,1402.3587107658386,0
428,2019-10-01,739,2153.000831604004,0
429,2019-10-01,740,430.32437562942505,0
430,2019-10-01,742,156.76021575927734,0
431,2019-10-01,743,8487.917184829712,0
432,2019-10-01,751,479.2770743370056,0
433,2019-10-01,774,7392.904758453369,0
434,2019-10-01,780,135.31893491744995,0
435,2019-10-01,782,362.299382686615,0
436,2019-10-01,800,100.8954644203186,0
437,2019-10-01,803,2231.0733795166016,0
438,2019-10-01,805,2107.246518135071,0
439,2019-10-01,808,178.8458228111267,0
440,2019-10-01,814,105.31991720199585,0
441,2019-10-01,815,676.2242317199707,0
442,2019-10-01,840,152.31549739837646,0
443,2019-10-01,841,109.59982872009277,0
444,2019-10-01,846,1686.164140701294,0
445,2019-10-01,854,142.59636402130127,0
446,2019-10-01,864,104.47472333908081,0
447,2019-10-01,869,140.03843069076538,0
448,2019-10-01,870,250.1937747001648,0
449,2019-10-01,889,303.15160751342773,0
450,2019-10-01,896,107.09196329116821,0
451,2019-10-01,901,124.25780296325684,0
452,2019-10-01,904,554.8650026321411,0
453,2019-10-01,938,140.83296060562134,0
454,2019-10-01,940,1109.1965436935425,0
455,2019-10-01,950,218.0531620979309,0
456,2019-10-01,972,118.35604906082153,0
457,2019-10-01,974,495.6415295600891,0
458,2019-10-01,985,1091.8587446212769,0
459,2019-10-01,992,185.05573272705078,0
460,2019-10-01,996,148.61971139907837,0
461,2019-10-01,999,144.31267976760864,0
462,2019-10-01,1000,384.1203451156616,0
463,2019-10-01,1001,390.2369737625122,0
464,2019-10-01,1002,1079.6552896499634,0
465,2019-10-01,1003,3329.387307167053,0
466,2019-10-01,1022,271.14033699035645,0
467,2019-10-01,1023,200.17176866531372,0
468,2019-11-01,37,1216.1406874656677,0
469,2019-11-01,64,120.01127004623413,0
470,2019-11-01,96,132.53867626190186,0
471,2019-11-01,99,2206.5183520317078,0
472,2019-11-01,178,122.29382991790771,0
473,2019-11-01,203,121.63132429122925,0
474,2019-11-01,232,117.27124452590942,0
475,2019-11-01,233,220.30144929885864,0
476,2019-11-01,238,376.9195079803467,0
477,2019-11-01,254,1435.3376626968384,0
478,2019-11-01,264,177.98542976379395,0
479,2019-11-01,265,264.17404413223267,0
480,2019-11-01,267,7410.246133804321,0
481,2019-11-01,276,121.14346027374268,0
482,2019-11-01,301,899.4579315185547,0
483,2019-11-01,310,3286.920487880707,0
484,2019-11-01,328,141.8718695640564,0
485,2019-11-01,338,653.226375579834,0
486,2019-11-01,342,314.0467405319214,0
487,2019-11-01,344,121.9475269317627,0
488,2019-11-01,347,279.0045738220215,0
489,2019-11-01,357,377.53403186798096,0
490,2019-11-01,360,131.96736574172974,0
491,2019-11-01,363,140.44493436813354,0
492,2019-11-01,368,319.68414783477783,0
493,2019-11-01,370,134.1414451599121,0
494,2019-11-01,425,463.3733630180359,0
495,2019-11-01,433,1844.237744808197,0
496,2019-11-01,448,156.0923457145691,0
497,2019-11-01,454,1732.7925562858582,0
498,2019-11-01,457,109.20315980911255,0
499,2019-11-01,460,2087.1832966804504,0
500,2019-11-01,462,148.3619213104248,0
501,2019-11-01,480,134.53006744384766,0
502,2019-11-01,489,4310.1367354393005,0
503,2019-11-01,494,115.70185422897339,0
504,2019-11-01,496,449.4059085845947,0
505,2019-11-01,501,1719.0805077552795,0
506,2019-11-01,512,133.23098421096802,0
507,2019-11-01,531,4332.187175750732,0
508,2019-11-01,552,349.53415393829346,0
509,2019-11-01,554,302.5546669960022,0
510,2019-11-01,562,270.14851570129395,0
511,2019-11-01,563,672.4393367767334,0
512,2019-11-01,565,318.4068202972412,0
513,2019-11-01,575,228.1123399734497,0
514,2019-11-01,576,439.93860483169556,0
515,2019-11-01,589,1618.034541606903,0
516,2019-11-01,598,1499.0109205245972,0
517,2019-11-01,601,613.1082773208618,0
518,2019-11-01,602,116.83851480484009,0
519,2019-11-01,607,177.88827419281006,0
520,2019-11-01,608,522.301197052002,0
521,2019-11-01,609,152.58491039276123,0
522,2019-11-01,611,8136.762380599976,0
523,2019-11-01,614,1653.3970832824707,0
524,2019-11-01,617,150.96038579940796,0
525,2019-11-01,639,2831.6310048103333,0
526,2019-11-01,649,412.74070739746094,0
527,2019-11-01,680,925.4133701324463,0
528,2019-11-01,681,344.14052963256836,0
529,2019-11-01,683,313.00514936447144,0
530,2019-11-01,684,4406.642317771912,0
531,2019-11-01,704,165.10426998138428,0
532,2019-11-01,708,122.85083532333374,0
533,2019-11-01,710,149.68782663345337,0
534,2019-11-01,712,262.2392773628235,0
535,2019-11-01,713,207.94153213500977,0
536,2019-11-01,715,944.6483850479126,0
537,2019-11-01,716,1433.6183667182922,0
538,2019-11-01,739,1910.1786613464355,0
539,2019-11-01,740,441.0836100578308,0
540,2019-11-01,742,145.4576849937439,0
541,2019-11-01,743,8529.23035621643,0
542,2019-11-01,751,479.9407720565796,0
543,2019-11-01,774,6636.688709259033,0
544,2019-11-01,780,137.50672340393066,0
545,2019-11-01,782,368.04109811782837,0
546,2019-11-01,800,100.32355785369873,0
547,2019-11-01,803,2021.324634552002,0
548,2019-11-01,805,3347.4773168563843,0
549,2019-11-01,808,245.27639150619507,0
550,2019-11-01,814,109.36886072158813,0
551,2019-11-01,815,672.6059317588806,0
552,2019-11-01,840,465.6606912612915,0
553,2019-11-01,841,112.54459619522095,0
554,2019-11-01,846,1683.7778687477112,0
555,2019-11-01,854,142.59636402130127,0
556,2019-11-01,864,101.93824768066406,0
557,2019-11-01,869,190.21987915039062,0
558,2019-11-01,870,121.878981590271,0
559,2019-11-01,871,322.85332679748535,0
560,2019-11-01,872,117.8935170173645,0
561,2019-11-01,889,303.15160751342773,0
562,2019-11-01,896,108.59191417694092,0
563,2019-11-01,901,201.71701908111572,0
564,2019-11-01,904,583.3554267883301,0
565,2019-11-01,938,140.85710048675537,0
566,2019-11-01,940,1113.3158206939697,0
567,2019-11-01,950,218.0531620979309,0
568,2019-11-01,972,120.6594705581665,0
569,2019-11-01,974,447.6091265678406,0
570,2019-11-01,978,175.87542533874512,0
571,2019-11-01,985,1091.8587446212769,0
572,2019-11-01,992,185.05573272705078,0
573,2019-11-01,996,148.61971139907837,0
574,2019-11-01,999,144.31267976760864,0
575,2019-11-01,1000,384.1203451156616,0
576,2019-11-01,1001,390.2369737625122,0
577,2019-11-01,1002,1079.6552896499634,0
578,2019-11-01,1003,3329.387307167053,0
579,2019-11-01,1022,271.14033699035645,0
580,2019-11-01,1023,200.17176866531372,0
581,2019-12-01,37,1216.1445617675781,0
582,2019-12-01,64,132.00044631958008,0
583,2019-12-01,96,138.13495635986328,0
584,2019-12-01,99,2347.6195335388184,0
585,2019-12-01,178,125.63854455947876,0
586,2019-12-01,203,122.76709079742432,0
587,2019-12-01,232,133.6294412612915,0
588,2019-12-01,233,215.015709400177,0
589,2019-12-01,238,452.42220163345337,0
590,2019-12-01,254,1435.3376626968384,0
591,2019-12-01,264,234.38692092895508,0
592,2019-12-01,265,283.91093015670776,0
593,2019-12-01,267,7410.760521888733,0
594,2019-12-01,301,1040.5740141868591,0
595,2019-12-01,310,3329.6582102775574,0
596,2019-12-01,328,153.51325273513794,0
597,2019-12-01,338,460.61187982559204,0
598,2019-12-01,340,333.2918882369995,0
599,2019-12-01,342,314.960777759552,0
600,2019-12-01,344,121.9475269317627,0
601,2019-12-01,347,279.0045738220215,0
602,2019-12-01,357,388.11206817626953,0
603,2019-12-01,360,233.17456245422363,0
604,2019-12-01,363,131.588876247406,0
605,2019-12-01,368,271.42614126205444,0
606,2019-12-01,425,485.321581363678,0
607,2019-12-01,433,1759.3944072723389,0
608,2019-12-01,435,466.67903661727905,0
609,2019-12-01,448,173.11125993728638,0
610,2019-12-01,454,1340.70485830307,0
611,2019-12-01,457,113.21395635604858,0
612,2019-12-01,460,2183.348536491394,0
613,2019-12-01,462,146.1753249168396,0
614,2019-12-01,480,150.55984258651733,0
615,2019-12-01,489,4419.337809085846,0
616,2019-12-01,494,115.8633828163147,0
617,2019-12-01,496,448.8980770111084,0
618,2019-12-01,501,1731.2204837799072,0
619,2019-12-01,531,4348.086714744568,0
620,2019-12-01,552,151.77041292190552,0
621,2019-12-01,562,270.14851570129395,0
622,2019-12-01,563,672.2575426101685,0
623,2019-12-01,565,317.51662492752075,0
624,2019-12-01,575,243.22688579559326,0
625,2019-12-01,576,265.3929591178894,0
626,2019-12-01,583,493.87454986572266,0
627,2019-12-01,589,1474.8075604438782,0
628,2019-12-01,598,1512.0378136634827,0
629,2019-12-01,601,624.2173910140991,0
630,2019-12-01,602,117.92391538619995,0
631,2019-12-01,607,193.73685121536255,0
632,2019-12-01,608,490.3578758239746,0
633,2019-12-01,609,250.83333253860474,0
634,2019-12-01,611,8404.409289360046,0
635,2019-12-01,614,2287.67067193985,0
636,2019-12-01,639,3190.0548934936523,0
637,2019-12-01,680,834.4754576683044,0
638,2019-12-01,681,241.38003587722778,0
639,2019-12-01,683,131.6794753074646,0
640,2019-12-01,684,5586.283206939697,0
641,2019-12-01,704,164.9874448776245,0
642,2019-12-01,708,114.8107647895813,0
643,2019-12-01,710,157.01502561569214,0
644,2019-12-01,712,234.92366075515747,0
645,2019-12-01,713,209.6092700958252,0
646,2019-12-01,715,944.6483850479126,0
647,2019-12-01,716,1433.6183667182922,0
648,2019-12-01,739,1849.1297960281372,0
649,2019-12-01,740,416.13638401031494,0
650,2019-12-01,742,134.21237468719482,0
651,2019-12-01,743,8525.619506835938,0
652,2019-12-01,751,479.9407720565796,0
653,2019-12-01,774,5982.753038406372,0
654,2019-12-01,780,137.50672340393066,0
655,2019-12-01,782,368.04109811782837,0
656,2019-12-01,800,100.36945343017578,0
657,2019-12-01,803,2019.113004207611,0
658,2019-12-01,805,4017.97354221344,0
659,2019-12-01,808,303.0398488044739,0
660,2019-12-01,814,109.36886072158813,0
661,2019-12-01,815,672.6059317588806,0
662,2019-12-01,840,1481.969952583313,0
663,2019-12-01,841,127.37065553665161,0
664,2019-12-01,846,1683.7778687477112,0
665,2019-12-01,854,142.59636402130127,0
666,2019-12-01,864,101.97341442108154,0
667,2019-12-01,869,185.59545278549194,0
668,2019-12-01,870,118.70712041854858,0
669,2019-12-01,871,278.36620807647705,0
670,2019-12-01,872,118.40939521789551,0
671,2019-12-01,889,303.15160751342773,0
672,2019-12-01,896,108.59757661819458,0
673,2019-12-01,901,200.5186676979065,0
674,2019-12-01,904,628.0866265296936,0
675,2019-12-01,938,140.85710048675537,0
676,2019-12-01,940,1113.3158206939697,0
677,2019-12-01,950,218.0531620979309,0
678,2019-12-01,972,120.6594705581665,0
679,2019-12-01,974,447.6091265678406,0
680,2019-12-01,978,175.87542533874512,0
681,2019-12-01,985,1091.8587446212769,0
682,2019-12-01,992,185.05573272705078,0
683,2019-12-01,996,148.61971139907837,0
684,2019-12-01,999,144.31267976760864,0
685,2019-12-01,1000,384.1203451156616,0
686,2019-12-01,1001,390.2369737625122,0
687,2019-12-01,1002,1079.6552896499634,0
688,2019-12-01,1003,3329.387307167053,0
689,2019-12-01,1022,271.14033699035645,0
690,2019-12-01,1023,200.17176866531372,0
691,2020-01-01,37,1216.1445617675781,0
692,2020-01-01,64,142.5287127494812,0
693,2020-01-01,96,140.06733894348145,0
694,2020-01-01,99,2538.778781890869,0
695,2020-01-01,178,126.32280588150024,0
696,2020-01-01,203,122.45267629623413,0
697,2020-01-01,232,162.17410564422607,0
698,2020-01-01,233,203.36776971817017,0
699,2020-01-01,238,415.6142473220825,0
700,2020-01-01,254,1435.3376626968384,0
701,2020-01-01,264,285.111665725708,0
702,2020-01-01,265,283.6981415748596,0
703,2020-01-01,267,7222.023010253906,0
704,2020-01-01,301,1199.3953585624695,0
705,2020-01-01,310,3372.5622296333313,0
706,2020-01-01,338,132.6984167098999,0
707,2020-01-01,340,326.32291316986084,0
708,2020-01-01,342,315.76067209243774,0
709,2020-01-01,344,117.51174926757812,0
710,2020-01-01,347,270.61790227890015,0
711,2020-01-01,352,103.47068309783936,0
712,2020-01-01,357,388.1421685218811,0
713,2020-01-01,360,412.66024112701416,0
714,2020-01-01,363,111.21392250061035,0
715,2020-01-01,368,136.17217540740967,0
716,2020-01-01,425,548.2938885688782,0
717,2020-01-01,433,796.0939407348633,0
718,2020-01-01,435,1728.1228303909302,0
719,2020-01-01,448,236.36341094970703,0
720,2020-01-01,451,124.82911348342896,0
721,2020-01-01,454,1656.1302542686462,0
722,2020-01-01,457,108.59578847885132,0
723,2020-01-01,460,2387.133538722992,0
724,2020-01-01,462,146.79431915283203,0
725,2020-01-01,480,221.70007228851318,0
726,2020-01-01,489,4512.42059469223,0
727,2020-01-01,494,116.22428894042969,0
728,2020-01-01,496,451.241135597229,0
729,2020-01-01,501,1764.771044254303,0
730,2020-01-01,531,4376.923143863678,0
731,2020-01-01,562,269.9899673461914,0
732,2020-01-01,563,672.367513179779,0
733,2020-01-01,565,314.19485807418823,0
734,2020-01-01,575,278.3834934234619,0
735,2020-01-01,576,118.03776025772095,0
736,2020-01-01,583,243.796706199646,0
737,2020-01-01,589,1566.2512183189392,0
738,2020-01-01,598,1550.8472919464111,0
739,2020-01-01,601,663.6634469032288,0
740,2020-01-01,602,115.94325304031372,0
741,2020-01-01,607,227.80120372772217,0
742,2020-01-01,608,327.2366523742676,0
743,2020-01-01,609,318.334698677063,0
744,2020-01-01,610,144.87147331237793,0
745,2020-01-01,611,8604.729771614075,0
746,2020-01-01,612,117.36392974853516,0
747,2020-01-01,614,2008.3782076835632,0
748,2020-01-01,617,137.99577951431274,0
749,2020-01-01,639,3696.4046955108643,0
750,2020-01-01,680,792.0381426811218,0
751,2020-01-01,681,231.1423420906067,0
752,2020-01-01,683,147.26072549819946,0
753,2020-01-01,684,5605.441927909851,0
754,2020-01-01,704,168.70975494384766,0
755,2020-01-01,708,110.18127202987671,0
756,2020-01-01,710,155.7224988937378,0
757,2020-01-01,712,232.80858993530273,0
758,2020-01-01,713,209.3750238418579,0
759,2020-01-01,715,939.6994113922119,0
760,2020-01-01,716,1437.7537369728088,0
761,2020-01-01,739,1912.1688604354858,0
762,2020-01-01,740,438.9244318008423,0
763,2020-01-01,742,134.59205627441406,0
764,2020-01-01,743,8525.619506835938,0
765,2020-01-01,751,479.9407720565796,0
766,2020-01-01,774,5974.017381668091,0
767,2020-01-01,780,137.34519481658936,0
768,2020-01-01,782,367.8929805755615,0
769,2020-01-01,803,1917.6965951919556,0
770,2020-01-01,805,3992.4633502960205,0
771,2020-01-01,808,303.0398488044739,0
772,2020-01-01,814,109.55661535263062,0
773,2020-01-01,815,674.2408871650696,0
774,2020-01-01,840,1481.969952583313,0
775,2020-01-01,841,127.37065553665161,0
776,2020-01-01,846,1666.6382551193237,0
777,2020-01-01,854,142.59636402130127,0
778,2020-01-01,864,102.49197483062744,0
779,2020-01-01,869,208.9172601699829,0
780,2020-01-01,870,126.03729963302612,0
781,2020-01-01,871,278.36620807647705,0
782,2020-01-01,872,118.40939521789551,0
783,2020-01-01,889,303.15160751342773,0
784,2020-01-01,896,108.59757661819458,0
785,2020-01-01,901,200.5186676979065,0
786,2020-01-01,904,628.0866265296936,0
787,2020-01-01,938,140.85710048675537,0
788,2020-01-01,940,1113.063097000122,0
789,2020-01-01,950,218.0531620979309,0
790,2020-01-01,972,120.6594705581665,0
791,2020-01-01,974,468.29134225845337,0
792,2020-01-01,978,149.99717473983765,0
793,2020-01-01,985,1091.8587446212769,0
794,2020-01-01,992,185.05573272705078,0
795,2020-01-01,996,148.61971139907837,0
796,2020-01-01,999,144.31267976760864,0
797,2020-01-01,1000,384.1203451156616,0
798,2020-01-01,1001,390.2369737625122,0
799,2020-01-01,1002,1079.6552896499634,0
800,2020-01-01,1003,3329.387307167053,0
801,2020-01-01,1022,271.14033699035645,0
802,2020-01-01,1023,200.17176866531372,0
803,2020-02-01,37,1216.1445617675781,0
804,2020-02-01,64,147.48990535736084,0
805,2020-02-01,96,137.26413249969482,0
806,2020-02-01,99,2742.8489923477173,0
807,2020-02-01,178,126.32280588150024,0
808,2020-02-01,203,122.94501066207886,0
809,2020-02-01,232,191.4563775062561,0
810,2020-02-01,233,193.45372915267944,0
811,2020-02-01,238,415.6142473220825,0
812,2020-02-01,254,1435.3376626968384,0
813,2020-02-01,264,218.22750568389893,0
814,2020-02-01,265,228.6595106124878,0
815,2020-02-01,267,6662.037372589111,0
816,2020-02-01,301,1195.136308670044,0
817,2020-02-01,310,3262.7785205841064,0
818,2020-02-01,338,132.6984167098999,0
819,2020-02-01,340,325.94621181488037,0
820,2020-02-01,342,309.7522258758545,0
821,2020-02-01,344,113.57039213180542,0
822,2020-02-01,347,258.941650390625,0
823,2020-02-01,352,120.29856443405151,0
824,2020-02-01,357,376.24597549438477,0
825,2020-02-01,360,429.9992322921753,0
826,2020-02-01,368,136.17217540740967,0
827,2020-02-01,395,405.525267124176,0
828,2020-02-01,425,676.2060523033142,0
829,2020-02-01,433,785.9477400779724,0
830,2020-02-01,435,1730.9460043907166,0
831,2020-02-01,448,276.28302574157715,0
832,2020-02-01,449,143.29731464385986,0
833,2020-02-01,450,107.34915733337402,0
834,2020-02-01,451,239.60620164871216,0
835,2020-02-01,454,1998.1759786605835,0
836,2020-02-01,457,115.6434416770935,0
837,2020-02-01,460,2597.6014137268066,0
838,2020-02-01,462,133.48877429962158,0
839,2020-02-01,480,221.79782390594482,0
840,2020-02-01,489,5182.7579736709595,0
841,2020-02-01,494,116.8513298034668,0
842,2020-02-01,496,439.67723846435547,0
843,2020-02-01,501,1768.900752067566,0
844,2020-02-01,519,267.4749493598938,0
845,2020-02-01,531,4231.216311454773,0
846,2020-02-01,562,228.94859313964844,0
847,2020-02-01,563,725.1635193824768,0
848,2020-02-01,565,295.13388872146606,0
849,2020-02-01,575,278.3834934234619,0
850,2020-02-01,576,148.70643615722656,0
851,2020-02-01,583,201.50750875473022,0
852,2020-02-01,589,1788.1479859352112,0
853,2020-02-01,598,1590.820550918579,0
854,2020-02-01,601,792.2917604446411,0
855,2020-02-01,602,110.48942804336548,0
856,2020-02-01,607,227.74279117584229,0
857,2020-02-01,608,421.050488948822,0
858,2020-02-01,609,396.7168927192688,0
859,2020-02-01,610,158.75816345214844,0
860,2020-02-01,611,8820.9068775177,0
861,2020-02-01,612,122.03484773635864,0
862,2020-02-01,614,1391.6513323783875,0
863,2020-02-01,617,214.422345161438,0
864,2020-02-01,639,3697.773814201355,0
865,2020-02-01,680,866.1112189292908,0
866,2020-02-01,681,283.1551432609558,0
867,2020-02-01,683,231.09614849090576,0
868,2020-02-01,684,6433.15315246582,0
869,2020-02-01,704,168.26897859573364,0
870,2020-02-01,708,104.02381420135498,0
871,2020-02-01,710,157.4796438217163,0
872,2020-02-01,712,249.71157312393188,0
873,2020-02-01,713,235.48930883407593,0
874,2020-02-01,715,1086.5086317062378,0
875,2020-02-01,716,1473.204493522644,0
876,2020-02-01,739,2009.8158717155457,0
877,2020-02-01,740,452.89844274520874,0
878,2020-02-01,742,135.4101300239563,0
879,2020-02-01,743,8525.619506835938,0
880,2020-02-01,751,480.3580045700073,0
881,2020-02-01,774,6002.466678619385,0
882,2020-02-01,780,137.11363077163696,0
883,2020-02-01,782,368.93367767333984,0
884,2020-02-01,803,1791.5987968444824,0
885,2020-02-01,805,3868.3682680130005,0
886,2020-02-01,808,303.0398488044739,0
887,2020-02-01,814,111.16623878479004,0
888,2020-02-01,815,682.9509139060974,0
889,2020-02-01,840,1481.969952583313,0
890,2020-02-01,841,127.37065553665161,0
891,2020-02-01,846,1656.421720981598,0
892,2020-02-01,854,142.59636402130127,0
893,2020-02-01,864,106.26077651977539,0
894,2020-02-01,869,342.7642583847046,0
895,2020-02-01,870,148.38039875030518,0
896,2020-02-01,871,278.36620807647705,0
897,2020-02-01,872,118.40939521789551,0
898,2020-02-01,889,303.15160751342773,0
899,2020-02-01,896,108.59757661819458,0
900,2020-02-01,901,200.5186676979065,0
901,2020-02-01,904,628.0866265296936,0
902,2020-02-01,938,140.85710048675537,0
903,2020-02-01,940,1121.8014359474182,0
904,2020-02-01,950,218.0531620979309,0
905,2020-02-01,972,121.48678302764893,0
906,2020-02-01,974,533.0997705459595,0
907,2020-02-01,985,1091.8587446212769,0
908,2020-02-01,992,185.05573272705078,0
909,2020-02-01,996,148.61971139907837,0
910,2020-02-01,999,144.31267976760864,0
911,2020-02-01,1000,384.1203451156616,0
912,2020-02-01,1001,390.2369737625122,0
913,2020-02-01,1002,1079.6552896499634,0
914,2020-02-01,1003,3329.387307167053,0
915,2020-02-01,1011,143.16707849502563,0
916,2020-02-01,1022,271.14033699035645,0
917,2020-02-01,1023,200.17176866531372,0
918,2020-03-01,37,1216.1445617675781,0
919,2020-03-01,64,147.48990535736084,0
920,2020-03-01,96,137.26413249969482,0
921,2020-03-01,99,2742.8489923477173,0
922,2020-03-01,178,126.28227472305298,0
923,2020-03-01,203,122.9029893875122,0
924,2020-03-01,232,190.97119569778442,0
925,2020-03-01,233,193.87900829315186,0
926,2020-03-01,238,415.6142473220825,0
927,2020-03-01,254,1435.3376626968384,0
928,2020-03-01,256,100.05474090576172,0
929,2020-03-01,264,228.862464427948,0
930,2020-03-01,265,236.358642578125,0
931,2020-03-01,267,6675.479412078857,0
932,2020-03-01,288,102.76168584823608,0
933,2020-03-01,301,1193.4438347816467,0
934,2020-03-01,310,2903.444766998291,0
935,2020-03-01,338,130.87332248687744,0
936,2020-03-01,340,326.5795111656189,0
937,2020-03-01,342,295.524001121521,0
938,2020-03-01,344,115.61959981918335,0
939,2020-03-01,347,248.86876344680786,0
940,2020-03-01,352,121.23346328735352,0
941,2020-03-01,357,382.37184286117554,0
942,2020-03-01,360,509.83935594558716,0
943,2020-03-01,368,136.60073280334473,0
944,2020-03-01,369,100.75926780700684,0
945,2020-03-01,395,359.2240810394287,0
946,2020-03-01,425,753.1112432479858,0
947,2020-03-01,433,745.8198070526123,0
948,2020-03-01,435,1712.3717069625854,0
949,2020-03-01,448,456.2148451805115,0
950,2020-03-01,449,518.5866355895996,0
951,2020-03-01,450,348.7411141395569,0
952,2020-03-01,451,670.1773405075073,0
953,2020-03-01,454,2321.1973905563354,0
954,2020-03-01,457,124.26614761352539,0
955,2020-03-01,460,2739.024758338928,0
956,2020-03-01,462,123.52585792541504,0
957,2020-03-01,480,223.61189126968384,0
958,2020-03-01,489,6078.739762306213,0
959,2020-03-01,494,105.34554719924927,0
960,2020-03-01,496,438.4830594062805,0
961,2020-03-01,501,1820.0784921646118,0
962,2020-03-01,519,295.06027698516846,0
963,2020-03-01,520,111.86361312866211,0
964,2020-03-01,528,108.3192229270935,0
965,2020-03-01,531,3876.432180404663,0
966,2020-03-01,560,130.09190559387207,0
967,2020-03-01,562,152.18496322631836,0
968,2020-03-01,563,1165.8573150634766,0
969,2020-03-01,565,260.7998251914978,0
970,2020-03-01,575,278.4186601638794,0
971,2020-03-01,576,225.12167692184448,0
972,2020-03-01,577,186.5154504776001,0
973,2020-03-01,583,910.9222888946533,0
974,2020-03-01,589,2086.0347151756287,0
975,2020-03-01,594,156.54504299163818,0
976,2020-03-01,598,1615.210473537445,0
977,2020-03-01,601,1019.4486379623413,0
978,2020-03-01,602,102.86271572113037,0
979,2020-03-01,607,227.6816964149475,0
980,2020-03-01,608,791.9508218765259,0
981,2020-03-01,609,651.007890701294,0
982,2020-03-01,610,230.1660180091858,0
983,2020-03-01,611,9168.832302093506,0
984,2020-03-01,612,129.2818784713745,0
985,2020-03-01,614,1094.1064357757568,0
986,2020-03-01,618,106.03725910186768,0
987,2020-03-01,639,3700.524866580963,0
988,2020-03-01,649,104.46518659591675,0
989,2020-03-01,680,1123.0090260505676,0
990,2020-03-01,681,409.00886058807373,0
991,2020-03-01,683,502.14171409606934,0
992,2020-03-01,684,7856.830358505249,0
993,2020-03-01,685,131.65146112442017,0
994,2020-03-01,686,200.7770538330078,0
995,2020-03-01,704,172.95479774475098,0
996,2020-03-01,710,165.30752182006836,0
997,2020-03-01,712,298.4091639518738,0
998,2020-03-01,713,303.37244272232056,0
999,2020-03-01,715,1416.0451292991638,0
1000,2020-03-01,716,1530.652940273285,0
1001,2020-03-01,739,2212.7991914749146,0
1002,2020-03-01,740,422.8329658508301,0
1003,2020-03-01,742,134.9407434463501,0
1004,2020-03-01,743,8525.619506835938,0
1005,2020-03-01,751,481.93037509918213,0
1006,2020-03-01,774,5988.644361495972,0
1007,2020-03-01,780,137.2140645980835,0
1008,2020-03-01,782,372.58803844451904,0
1009,2020-03-01,803,1325.1712918281555,0
1010,2020-03-01,805,3454.5964002609253,0
1011,2020-03-01,808,330.3927183151245,0
1012,2020-03-01,814,113.99030685424805,0
1013,2020-03-01,815,703.517496585846,0
1014,2020-03-01,840,1338.629424571991,0
1015,2020-03-01,841,103.8205623626709,0
1016,2020-03-01,846,1649.55735206604,0
1017,2020-03-01,854,142.59636402130127,0
1018,2020-03-01,864,112.92189359664917,0
1019,2020-03-01,869,1076.7263174057007,0
1020,2020-03-01,870,192.277729511261,0
1021,2020-03-01,871,312.43830919265747,0
1022,2020-03-01,889,303.15160751342773,0
1023,2020-03-01,896,108.59757661819458,0
1024,2020-03-01,901,200.5186676979065,0
1025,2020-03-01,904,634.707510471344,0
1026,2020-03-01,912,109.85910892486572,0
1027,2020-03-01,938,135.633647441864,0
1028,2020-03-01,940,1147.7980017662048,0
1029,2020-03-01,950,218.0531620979309,0
1030,2020-03-01,972,141.50619506835938,0
1031,2020-03-01,974,638.1410360336304,0
1032,2020-03-01,985,1091.8587446212769,0
1033,2020-03-01,992,185.05573272705078,0
1034,2020-03-01,996,148.61971139907837,0
1035,2020-03-01,999,144.31267976760864,0
1036,2020-03-01,1000,384.1203451156616,0
1037,2020-03-01,1001,390.2369737625122,0
1038,2020-03-01,1002,1079.6552896499634,0
1039,2020-03-01,1003,3330.886960029602,0
1040,2020-03-01,1008,113.03722858428955,0
1041,2020-03-01,1009,147.7813720703125,0
1042,2020-03-01,1011,482.6560616493225,0
1043,2020-03-01,1022,271.14033699035645,0
1044,2020-03-01,1023,200.17176866531372,0
1045,2020-04-01,37,1216.1445617675781,0
1046,2020-04-01,64,147.48990535736084,0
1047,2020-04-01,96,137.26413249969482,0
1048,2020-04-01,99,2742.8489923477173,0
1049,2020-04-01,178,126.22058391571045,0
1050,2020-04-01,203,122.9029893875122,0
1051,2020-04-01,232,190.97119569778442,0
1052,2020-04-01,233,193.87900829315186,0
1053,2020-04-01,238,415.6142473220825,0
1054,2020-04-01,254,1435.3376626968384,0
1055,2020-04-01,256,101.13179683685303,0
1056,2020-04-01,264,228.862464427948,0
1057,2020-04-01,265,236.358642578125,0
1058,2020-04-01,267,6675.479412078857,0
1059,2020-04-01,288,109.34054851531982,0
1060,2020-04-01,301,1193.4161186218262,0
1061,2020-04-01,310,2325.0702023506165,0
1062,2020-04-01,338,124.54330921173096,0
1063,2020-04-01,340,326.6596794128418,0
1064,2020-04-01,342,271.1722254753113,0
1065,2020-04-01,344,117.08617210388184,0
1066,2020-04-01,346,148.70524406433105,0
1067,2020-04-01,347,229.06243801116943,0
1068,2020-04-01,357,386.99567317962646,0
1069,2020-04-01,360,510.73700189590454,0
1070,2020-04-01,368,133.41575860977173,0
1071,2020-04-01,369,107.08004236221313,0
1072,2020-04-01,395,354.99632358551025,0
1073,2020-04-01,425,720.9816575050354,0
1074,2020-04-01,433,724.7823476791382,0
1075,2020-04-01,435,1795.6236004829407,0
1076,2020-04-01,448,841.2671089172363,0
1077,2020-04-01,449,1352.2672653198242,0
1078,2020-04-01,450,1072.4753141403198,0
1079,2020-04-01,451,668.1880354881287,0
1080,2020-04-01,454,1947.5698471069336,0
1081,2020-04-01,457,113.4788990020752,0
1082,2020-04-01,460,2501.581311225891,0
1083,2020-04-01,462,125.36853551864624,0
1084,2020-04-01,480,200.23375749588013,0
1085,2020-04-01,489,6139.806509017944,0
1086,2020-04-01,496,297.40750789642334,0
1087,2020-04-01,501,2045.5726981163025,0
1088,2020-04-01,512,104.60823774337769,0
1089,2020-04-01,519,233.16442966461182,0
1090,2020-04-01,520,157.93859958648682,0
1091,2020-04-01,531,3275.165557861328,0
1092,2020-04-01,560,156.0211181640625,0
1093,2020-04-01,563,1949.2590427398682,0
1094,2020-04-01,565,256.5568685531616,0
1095,2020-04-01,575,278.84453535079956,0
1096,2020-04-01,576,260.2100372314453,0
1097,2020-04-01,577,221.94892168045044,0
1098,2020-04-01,583,1363.8836145401,0
1099,2020-04-01,589,2005.0045847892761,0
1100,2020-04-01,594,1070.651113986969,0
1101,2020-04-01,598,1625.2565383911133,0
1102,2020-04-01,601,1063.624620437622,0
1103,2020-04-01,602,101.4813780784607,0
1104,2020-04-01,607,227.9946208000183,0
1105,2020-04-01,608,1549.1306781768799,0
1106,2020-04-01,609,970.0238704681396,0
1107,2020-04-01,610,249.57209825515747,0
1108,2020-04-01,611,9249.292016029358,0
1109,2020-04-01,614,1036.22704744339,0
1110,2020-04-01,639,3708.3256244659424,0
1111,2020-04-01,649,100.22550821304321,0
1112,2020-04-01,680,1452.3008465766907,0
1113,2020-04-01,681,378.6173462867737,0
1114,2020-04-01,683,602.5731563568115,0
1115,2020-04-01,684,8416.788578033447,0
1116,2020-04-01,685,375.7104277610779,0
1117,2020-04-01,686,435.8518123626709,0
1118,2020-04-01,704,288.07878494262695,0
1119,2020-04-01,710,166.46265983581543,0
1120,2020-04-01,712,361.51885986328125,0
1121,2020-04-01,713,410.8366370201111,0
1122,2020-04-01,715,1900.7745385169983,0
1123,2020-04-01,716,1551.5455603599548,0
1124,2020-04-01,739,2631.5096020698547,0
1125,2020-04-01,740,338.3338451385498,0
1126,2020-04-01,742,133.20952653884888,0
1127,2020-04-01,743,8525.619506835938,0
1128,2020-04-01,751,484.83312129974365,0
1129,2020-04-01,774,5930.0947189331055,0
1130,2020-04-01,780,133.89915227890015,0
1131,2020-04-01,782,378.5178065299988,0
1132,2020-04-01,803,794.9098944664001,0
1133,2020-04-01,805,2744.2729473114014,0
1134,2020-04-01,808,393.26369762420654,0
1135,2020-04-01,814,115.24230241775513,0
1136,2020-04-01,815,727.250874042511,0
1137,2020-04-01,840,790.884792804718,0
1138,2020-04-01,846,1598.610281944275,0
1139,2020-04-01,854,142.59636402130127,0
1140,2020-04-01,864,122.02411890029907,0
1141,2020-04-01,869,3872.2649216651917,0
1142,2020-04-01,870,221.3534712791443,0
1143,2020-04-01,871,271.25149965286255,0
1144,2020-04-01,889,303.15160751342773,0
1145,2020-04-01,896,108.59757661819458,0
1146,2020-04-01,901,206.63917064666748,0
1147,2020-04-01,904,422.55640029907227,0
1148,2020-04-01,940,1170.6700921058655,0
1149,2020-04-01,948,102.55098342895508,0
1150,2020-04-01,950,218.0531620979309,0
1151,2020-04-01,972,337.0964527130127,0
1152,2020-04-01,974,692.1428442001343,0
1153,2020-04-01,980,107.73956775665283,0
1154,2020-04-01,985,1091.8587446212769,0
1155,2020-04-01,992,185.05573272705078,0
1156,2020-04-01,996,148.61971139907837,0
1157,2020-04-01,999,144.31267976760864,0
1158,2020-04-01,1000,384.1203451156616,0
1159,2020-04-01,1001,390.2369737625122,0
1160,2020-04-01,1002,1079.6904563903809,0
1161,2020-04-01,1003,3337.228298187256,0
1162,2020-04-01,1006,111.83619499206543,0
1163,2020-04-01,1008,184.38518047332764,0
1164,2020-04-01,1009,222.7097749710083,0
1165,2020-04-01,1011,2063.816785812378,0
1166,2020-04-01,1022,271.14033699035645,0
1167,2020-04-01,1023,200.17176866531372,0
1168,2020-05-01,37,1216.1445617675781,0
1169,2020-05-01,64,147.48990535736084,0
1170,2020-05-01,96,137.26413249969482,0
1171,2020-05-01,99,2742.8489923477173,0
1172,2020-05-01,178,126.22058391571045,0
1173,2020-05-01,203,122.9029893875122,0
1174,2020-05-01,232,190.97119569778442,0
1175,2020-05-01,233,193.87900829315186,0
1176,2020-05-01,238,415.6142473220825,0
1177,2020-05-01,254,1435.3376626968384,0
1178,2020-05-01,256,101.13179683685303,0
1179,2020-05-01,264,228.94293069839478,0
1180,2020-05-01,265,236.4218235015869,0
1181,2020-05-01,267,6675.598621368408,0
1182,2020-05-01,288,109.34054851531982,0
1183,2020-05-01,301,1193.0903792381287,0
1184,2020-05-01,310,2317.0506954193115,0
1185,2020-05-01,338,116.41591787338257,0
1186,2020-05-01,340,324.15062189102173,0
1187,2020-05-01,342,270.76929807662964,0
1188,2020-05-01,344,117.08468198776245,0
1189,2020-05-01,346,148.70494604110718,0
1190,2020-05-01,347,229.06243801116943,0
1191,2020-05-01,357,388.7459635734558,0
1192,2020-05-01,360,506.153404712677,0
1193,2020-05-01,368,126.08230113983154,0
1194,2020-05-01,369,119.2900538444519,0
1195,2020-05-01,395,345.59547901153564,0
1196,2020-05-01,425,676.9570708274841,0
1197,2020-05-01,433,657.6138734817505,0
1198,2020-05-01,435,1670.6961393356323,0
1199,2020-05-01,448,847.4031090736389,0
1200,2020-05-01,449,1383.5668563842773,0
1201,2020-05-01,450,1124.5602369308472,0
1202,2020-05-01,451,689.6233558654785,0
1203,2020-05-01,454,2042.384147644043,0
1204,2020-05-01,457,103.016197681427,0
1205,2020-05-01,460,2274.230718612671,0
1206,2020-05-01,462,151.3037085533142,0
1207,2020-05-01,480,204.47969436645508,0
1208,2020-05-01,482,105.31455278396606,0
1209,2020-05-01,489,6108.073592185974,0
1210,2020-05-01,501,2354.2433977127075,0
1211,2020-05-01,512,106.45568370819092,0
1212,2020-05-01,519,268.70280504226685,0
1213,2020-05-01,520,170.22103071212769,0
1214,2020-05-01,528,102.31167078018188,0
1215,2020-05-01,531,2676.355242729187,0
1216,2020-05-01,560,142.47000217437744,0
1217,2020-05-01,563,2227.2220253944397,0
1218,2020-05-01,565,247.17509746551514,0
1219,2020-05-01,575,280.13765811920166,0
1220,2020-05-01,576,177.2826910018921,0
1221,2020-05-01,577,163.71756792068481,0
1222,2020-05-01,583,1371.8914985656738,0
1223,2020-05-01,589,2279.9625992774963,0
1224,2020-05-01,594,2218.0992364883423,0
1225,2020-05-01,598,1627.3456811904907,0
1226,2020-05-01,601,1134.7189545631409,0
1227,2020-05-01,607,229.053795337677,0
1228,2020-05-01,608,1660.5302691459656,0
1229,2020-05-01,609,887.8046274185181,0
1230,2020-05-01,610,220.4766869544983,0
1231,2020-05-01,611,9173.499345779419,0
1232,2020-05-01,614,911.6300940513611,0
1233,2020-05-01,639,3724.9141931533813,0
1234,2020-05-01,642,154.69849109649658,0
1235,2020-05-01,678,108.65449905395508,0
1236,2020-05-01,680,1402.623951435089,0
1237,2020-05-01,681,217.207670211792,0
1238,2020-05-01,683,292.4957871437073,0
1239,2020-05-01,684,7970.304489135742,0
1240,2020-05-01,685,627.119243144989,0
1241,2020-05-01,686,297.294557094574,0
1242,2020-05-01,704,1159.5803499221802,0
1243,2020-05-01,710,180.59223890304565,0
1244,2020-05-01,712,329.6932578086853,0
1245,2020-05-01,713,450.0371217727661,0
1246,2020-05-01,715,2408.110797405243,0
1247,2020-05-01,716,1358.7948679924011,0
1248,2020-05-01,736,104.28458452224731,0
1249,2020-05-01,739,3629.2874813079834,0
1250,2020-05-01,740,337.75895833969116,0
1251,2020-05-01,742,133.57728719711304,0
1252,2020-05-01,743,8547.648191452026,0
1253,2020-05-01,751,484.83312129974365,0
1254,2020-05-01,774,6077.471971511841,0
1255,2020-05-01,780,126.50996446609497,0
1256,2020-05-01,782,378.5178065299988,0
1257,2020-05-01,803,794.9098944664001,0
1258,2020-05-01,805,2862.7607226371765,0
1259,2020-05-01,808,394.75947618484497,0
1260,2020-05-01,814,115.24230241775513,0
1261,2020-05-01,815,727.250874042511,0
1262,2020-05-01,840,587.9291892051697,0
1263,2020-05-01,846,1598.610281944275,0
1264,2020-05-01,854,142.59636402130127,0
1265,2020-05-01,864,122.02411890029907,0
1266,2020-05-01,869,3818.6779618263245,0
1267,2020-05-01,870,204.15127277374268,0
1268,2020-05-01,871,193.74221563339233,0
1269,2020-05-01,889,303.15160751342773,0
1270,2020-05-01,896,108.59757661819458,0
1271,2020-05-01,901,222.43529558181763,0
1272,2020-05-01,904,212.91226148605347,0
1273,2020-05-01,937,122.57188558578491,0
1274,2020-05-01,940,1003.061830997467,0
1275,2020-05-01,948,102.55098342895508,0
1276,2020-05-01,950,218.0531620979309,0
1277,2020-05-01,972,1621.9553351402283,0
1278,2020-05-01,974,692.1428442001343,0
1279,2020-05-01,980,107.73956775665283,0
1280,2020-05-01,985,1091.8587446212769,0
1281,2020-05-01,992,185.05573272705078,0
1282,2020-05-01,996,148.61971139907837,0
1283,2020-05-01,999,144.31267976760864,0
1284,2020-05-01,1000,384.1203451156616,0
1285,2020-05-01,1001,390.2369737625122,0
1286,2020-05-01,1002,1079.6904563903809,0
1287,2020-05-01,1003,3337.228298187256,0
1288,2020-05-01,1006,111.83619499206543,0
1289,2020-05-01,1008,184.38518047332764,0
1290,2020-05-01,1009,222.7097749710083,0
1291,2020-05-01,1011,2063.816785812378,0
1292,2020-05-01,1022,271.14033699035645,0
1293,2020-05-01,1023,200.17176866531372,0
1294,2020-06-01,37,1216.1445617675781,0
1295,2020-06-01,64,147.48990535736084,0
1296,2020-06-01,96,137.26413249969482,0
1297,2020-06-01,99,2742.8489923477173,0
1298,2020-06-01,178,126.22058391571045,0
1299,2020-06-01,203,122.9029893875122,0
1300,2020-06-01,232,190.9726858139038,0
1301,2020-06-01,233,193.87930631637573,0
1302,2020-06-01,238,415.73256254196167,0
1303,2020-06-01,254,1435.3376626968384,0
1304,2020-06-01,256,101.13179683685303,0
1305,2020-06-01,264,228.9813756942749,0
1306,2020-06-01,265,236.44983768463135,0
1307,2020-06-01,267,6675.580739974976,0
1308,2020-06-01,288,109.34054851531982,0
1309,2020-06-01,301,1193.9948797225952,0
1310,2020-06-01,310,2304.157018661499,0
1311,2020-06-01,338,102.65260934829712,0
1312,2020-06-01,340,317.6528215408325,0
1313,2020-06-01,342,269.81979608535767,0
1314,2020-06-01,344,117.08468198776245,0
1315,2020-06-01,346,148.70494604110718,0
1316,2020-06-01,347,229.06243801116943,0
1317,2020-06-01,357,388.60559463500977,0
1318,2020-06-01,360,506.422221660614,0
1319,2020-06-01,368,118.53307485580444,0
1320,2020-06-01,369,119.72546577453613,0
1321,2020-06-01,395,345.2414274215698,0
1322,2020-06-01,425,664.0636920928955,0
1323,2020-06-01,433,444.3308711051941,0
1324,2020-06-01,435,1373.4304904937744,0
1325,2020-06-01,448,841.5296673774719,0
1326,2020-06-01,449,1434.2400431632996,0
1327,2020-06-01,450,1165.0258302688599,0
1328,2020-06-01,451,654.5507907867432,0
1329,2020-06-01,454,2071.3499188423157,0
1330,2020-06-01,457,100.96341371536255,0
1331,2020-06-01,460,2280.20578622818,0
1332,2020-06-01,462,149.2452621459961,0
1333,2020-06-01,480,211.82090044021606,0
1334,2020-06-01,482,108.4253191947937,0
1335,2020-06-01,489,5941.574573516846,0
1336,2020-06-01,501,2803.1080961227417,0
1337,2020-06-01,512,111.4991307258606,0
1338,2020-06-01,519,311.5731477737427,0
1339,2020-06-01,520,168.69574785232544,0
1340,2020-06-01,528,102.31167078018188,0
1341,2020-06-01,531,2676.355242729187,0
1342,2020-06-01,560,142.47000217437744,0
1343,2020-06-01,563,2227.2220253944397,0
1344,2020-06-01,565,247.17509746551514,0
1345,2020-06-01,575,280.13765811920166,0
1346,2020-06-01,576,182.1810007095337,0
1347,2020-06-01,577,132.82209634780884,0
1348,2020-06-01,583,1396.5487480163574,0
1349,2020-06-01,589,2279.9625992774963,0
1350,2020-06-01,594,2218.0992364883423,0
1351,2020-06-01,598,1627.3456811904907,0
1352,2020-06-01,601,1134.7189545631409,0
1353,2020-06-01,607,229.053795337677,0
1354,2020-06-01,608,1667.3415899276733,0
1355,2020-06-01,609,986.8934750556946,0
1356,2020-06-01,610,205.33710718154907,0
1357,2020-06-01,611,9092.121124267578,0
1358,2020-06-01,614,1110.132336616516,0
1359,2020-06-01,639,3724.9141931533813,0
1360,2020-06-01,640,100.6576418876648,0
1361,2020-06-01,642,164.05612230300903,0
1362,2020-06-01,678,109.39627885818481,0
1363,2020-06-01,680,1402.623951435089,0
1364,2020-06-01,681,217.207670211792,0
1365,2020-06-01,683,292.4957871437073,0
1366,2020-06-01,684,7970.304489135742,0
1367,2020-06-01,685,627.119243144989,0
1368,2020-06-01,686,297.294557094574,0
1369,2020-06-01,704,2232.658863067627,0
1370,2020-06-01,707,100.75867176055908,0
1371,2020-06-01,710,179.99649047851562,0
1372,2020-06-01,712,329.9611806869507,0
1373,2020-06-01,713,449.31352138519287,0
1374,2020-06-01,715,2406.899631023407,0
1375,2020-06-01,716,1358.887255191803,0
1376,2020-06-01,736,253.33702564239502,0
1377,2020-06-01,739,3764.9238109588623,0
1378,2020-06-01,740,299.04186725616455,0
1379,2020-06-01,742,113.9172911643982,0
1380,2020-06-01,743,8599.759340286255,0
1381,2020-06-01,751,484.83312129974365,0
1382,2020-06-01,768,217.30691194534302,0
1383,2020-06-01,770,118.78669261932373,0
1384,2020-06-01,774,5968.784689903259,0
1385,2020-06-01,780,118.98636817932129,0
1386,2020-06-01,782,378.5178065299988,0
1387,2020-06-01,803,1035.3323817253113,0
1388,2020-06-01,805,3202.6761770248413,0
1389,2020-06-01,808,450.5324363708496,0
1390,2020-06-01,814,115.24230241775513,0
1391,2020-06-01,815,727.250874042511,0
1392,2020-06-01,840,850.1946926116943,0
1393,2020-06-01,846,1598.610281944275,0
1394,2020-06-01,854,142.59636402130127,0
1395,2020-06-01,864,122.02411890029907,0
1396,2020-06-01,869,3992.210626602173,0
1397,2020-06-01,870,136.17455959320068,0
1398,2020-06-01,871,176.8288016319275,0
1399,2020-06-01,889,303.15160751342773,0
1400,2020-06-01,896,108.59757661819458,0
1401,2020-06-01,901,237.35523223876953,0
1402,2020-06-01,904,102.46962308883667,0
1403,2020-06-01,940,326.7976641654968,0
1404,2020-06-01,948,102.55098342895508,0
1405,2020-06-01,950,218.0531620979309,0
1406,2020-06-01,972,4852.81765460968,0
1407,2020-06-01,974,692.1428442001343,0
1408,2020-06-01,980,107.73956775665283,0
1409,2020-06-01,985,1091.8587446212769,0
1410,2020-06-01,992,185.05573272705078,0
1411,2020-06-01,996,148.61971139907837,0
1412,2020-06-01,999,144.31267976760864,0
1413,2020-06-01,1000,384.1203451156616,0
1414,2020-06-01,1001,390.2369737625122,0
1415,2020-06-01,1002,1079.6904563903809,0
1416,2020-06-01,1003,3337.228298187256,0
1417,2020-06-01,1006,111.83619499206543,0
1418,2020-06-01,1008,184.38518047332764,0
1419,2020-06-01,1009,222.7097749710083,0
1420,2020-06-01,1011,2063.816785812378,0
1421,2020-06-01,1022,271.14033699035645,0
1422,2020-06-01,1023,200.17176866531372,0
1423,2020-07-01,37,1216.1445617675781,0
1424,2020-07-01,64,147.48990535736084,0
1425,2020-07-01,96,137.26413249969482,0
1426,2020-07-01,99,2742.8489923477173,0
1427,2020-07-01,178,126.22058391571045,0
1428,2020-07-01,203,122.9029893875122,0
1429,2020-07-01,232,190.9726858139038,0
1430,2020-07-01,233,193.87930631637573,0
1431,2020-07-01,238,415.73256254196167,0
1432,2020-07-01,254,1435.3376626968384,0
1433,2020-07-01,256,101.13179683685303,0
1434,2020-07-01,264,228.9813756942749,0
1435,2020-07-01,265,236.44983768463135,0
1436,2020-07-01,267,6675.580739974976,0
1437,2020-07-01,288,109.34054851531982,0
1438,2020-07-01,301,1196.6252326965332,0
1439,2020-07-01,310,2304.157018661499,0
1440,2020-07-01,338,102.65260934829712,0
1441,2020-07-01,340,317.6528215408325,0
1442,2020-07-01,342,269.81979608535767,0
1443,2020-07-01,344,117.08468198776245,0
1444,2020-07-01,346,148.70494604110718,0
1445,2020-07-01,347,229.06243801116943,0
1446,2020-07-01,357,387.72493600845337,0
1447,2020-07-01,360,517.5027251243591,0
1448,2020-07-01,368,118.53307485580444,0
1449,2020-07-01,369,119.72546577453613,0
1450,2020-07-01,395,342.39888191223145,0
1451,2020-07-01,425,672.2405552864075,0
1452,2020-07-01,433,444.3308711051941,0
1453,2020-07-01,435,1373.4304904937744,0
1454,2020-07-01,448,874.6752142906189,0
1455,2020-07-01,449,1486.8292212486267,0
1456,2020-07-01,450,1267.3702836036682,0
1457,2020-07-01,451,672.9510426521301,0
1458,2020-07-01,454,1971.0803031921387,0
1459,2020-07-01,460,2318.269908428192,0
1460,2020-07-01,462,149.65981245040894,0
1461,2020-07-01,480,211.980938911438,0
1462,2020-07-01,482,106.25630617141724,0
1463,2020-07-01,489,5669.182538986206,0
1464,2020-07-01,501,2803.1080961227417,0
1465,2020-07-01,512,103.0847430229187,0
1466,2020-07-01,519,307.4893355369568,0
1467,2020-07-01,520,169.83211040496826,0
1468,2020-07-01,528,102.31167078018188,0
1469,2020-07-01,531,2676.355242729187,0
1470,2020-07-01,560,142.47000217437744,0
1471,2020-07-01,563,2227.2220253944397,0
1472,2020-07-01,565,247.17509746551514,0
1473,2020-07-01,575,280.13765811920166,0
1474,2020-07-01,576,178.0804991722107,0
1475,2020-07-01,577,138.20260763168335,0
1476,2020-07-01,583,1339.9124145507812,0
1477,2020-07-01,589,2279.9625992774963,0
1478,2020-07-01,594,2218.0992364883423,0
1479,2020-07-01,598,1627.3456811904907,0
1480,2020-07-01,601,1134.7189545631409,0
1481,2020-07-01,607,229.053795337677,0
1482,2020-07-01,608,1646.931767463684,0
1483,2020-07-01,609,1079.2064666748047,0
1484,2020-07-01,610,221.12488746643066,0
1485,2020-07-01,611,9185.623526573181,0
1486,2020-07-01,612,100.99053382873535,0
1487,2020-07-01,614,1027.7894139289856,0
1488,2020-07-01,639,3724.9141931533813,0
1489,2020-07-01,640,105.08894920349121,0
1490,2020-07-01,642,174.0148663520813,0
1491,2020-07-01,678,146.37291431427002,0
1492,2020-07-01,680,1725.5458235740662,0
1493,2020-07-01,681,227.62984037399292,0
1494,2020-07-01,683,292.4957871437073,0
1495,2020-07-01,684,7970.304489135742,0
1496,2020-07-01,685,627.119243144989,0
1497,2020-07-01,686,297.294557094574,0
1498,2020-07-01,704,2225.0235080718994,0
1499,2020-07-01,707,107.24157094955444,0
1500,2020-07-01,708,102.81115770339966,0
1501,2020-07-01,710,179.10301685333252,0
1502,2020-07-01,712,592.0210480690002,0
1503,2020-07-01,713,446.1994767189026,0
1504,2020-07-01,715,2406.899631023407,0
1505,2020-07-01,716,1358.887255191803,0
1506,2020-07-01,736,281.25494718551636,0
1507,2020-07-01,739,2574.0373134613037,0
1508,2020-07-01,740,170.8698272705078,0
1509,2020-07-01,743,8633.067607879639,0
1510,2020-07-01,751,484.83312129974365,0
1511,2020-07-01,768,249.461829662323,0
1512,2020-07-01,774,4792.368412017822,0
1513,2020-07-01,780,118.98636817932129,0
1514,2020-07-01,782,378.5178065299988,0
1515,2020-07-01,800,100.93510150909424,0
1516,2020-07-01,803,1126.9786953926086,0
1517,2020-07-01,805,1801.7998337745667,0
1518,2020-07-01,808,473.4519124031067,0
1519,2020-07-01,814,115.24230241775513,0
1520,2020-07-01,815,727.250874042511,0
1521,2020-07-01,837,225.3749966621399,0
1522,2020-07-01,840,970.1114892959595,0
1523,2020-07-01,846,1598.610281944275,0
1524,2020-07-01,854,142.59636402130127,0
1525,2020-07-01,864,122.02411890029907,0
1526,2020-07-01,869,4344.589114189148,0
1527,2020-07-01,870,141.78454875946045,0
1528,2020-07-01,871,171.11510038375854,0
1529,2020-07-01,889,303.15160751342773,0
1530,2020-07-01,896,108.59757661819458,0
1531,2020-07-01,901,243.68971586227417,0
1532,2020-07-01,904,116.95355176925659,0
1533,2020-07-01,940,326.7976641654968,0
1534,2020-07-01,948,102.55098342895508,0
1535,2020-07-01,950,218.0531620979309,0
1536,2020-07-01,972,4852.81765460968,0
1537,2020-07-01,974,692.1428442001343,0
1538,2020-07-01,980,107.73956775665283,0
1539,2020-07-01,985,1091.8587446212769,0
1540,2020-07-01,992,185.05573272705078,0
1541,2020-07-01,996,148.61971139907837,0
1542,2020-07-01,999,144.31267976760864,0
1543,2020-07-01,1000,384.1203451156616,0
1544,2020-07-01,1001,390.2369737625122,0
1545,2020-07-01,1002,1079.6904563903809,0
1546,2020-07-01,1003,3337.228298187256,0
1547,2020-07-01,1006,111.83619499206543,0
1548,2020-07-01,1008,184.38518047332764,0
1549,2020-07-01,1009,222.7097749710083,0
1550,2020-07-01,1011,2063.816785812378,0
1551,2020-07-01,1022,271.14033699035645,0
1552,2020-07-01,1023,200.17176866531372,0
1553,2020-08-01,37,1216.1445617675781,0
1554,2020-08-01,64,147.48990535736084,0
1555,2020-08-01,96,137.26413249969482,0
1556,2020-08-01,99,2742.8489923477173,0
1557,2020-08-01,178,126.22058391571045,0
1558,2020-08-01,203,122.9029893875122,0
1559,2020-08-01,232,190.964937210083,0
1560,2020-08-01,233,193.74310970306396,0
1561,2020-08-01,238,415.73256254196167,0
1562,2020-08-01,254,1435.3376626968384,0
1563,2020-08-01,256,101.13179683685303,0
1564,2020-08-01,264,229.46804761886597,0
1565,2020-08-01,265,236.40543222427368,0
1566,2020-08-01,267,6674.100160598755,0
1567,2020-08-01,288,109.34054851531982,0
1568,2020-08-01,301,1201.3539671897888,0
1569,2020-08-01,310,2304.157018661499,0
1570,2020-08-01,338,102.65260934829712,0
1571,2020-08-01,340,317.6528215408325,0
1572,2020-08-01,342,269.81979608535767,0
1573,2020-08-01,344,117.08468198776245,0
1574,2020-08-01,346,148.70494604110718,0
1575,2020-08-01,347,229.06243801116943,0
1576,2020-08-01,357,394.3207859992981,0
1577,2020-08-01,360,547.1119284629822,0
1578,2020-08-01,368,118.5154914855957,0
1579,2020-08-01,369,119.68791484832764,0
1580,2020-08-01,395,351.77081823349,0
1581,2020-08-01,425,700.0833749771118,0
1582,2020-08-01,433,440.57756662368774,0
1583,2020-08-01,435,1376.0414719581604,0
1584,2020-08-01,448,900.1526236534119,0
1585,2020-08-01,449,1569.201648235321,0
1586,2020-08-01,450,1479.0880680084229,0
1587,2020-08-01,451,724.9742746353149,0
1588,2020-08-01,454,1888.0194425582886,0
1589,2020-08-01,460,2404.297888278961,0
1590,2020-08-01,462,150.41112899780273,0
1591,2020-08-01,480,209.9183201789856,0
1592,2020-08-01,489,5280.768275260925,0
1593,2020-08-01,501,2806.6498041152954,0
1594,2020-08-01,519,276.07470750808716,0
1595,2020-08-01,520,177.1518588066101,0
1596,2020-08-01,528,102.18709707260132,0
1597,2020-08-01,531,2675.2007007598877,0
1598,2020-08-01,560,142.47000217437744,0
1599,2020-08-01,563,2227.083742618561,0
1600,2020-08-01,565,247.0874786376953,0
1601,2020-08-01,575,280.13765811920166,0
1602,2020-08-01,576,173.7833023071289,0
1603,2020-08-01,577,163.7217402458191,0
1604,2020-08-01,583,1238.7296557426453,0
1605,2020-08-01,589,2279.9625992774963,0
1606,2020-08-01,594,2218.0992364883423,0
1607,2020-08-01,598,1630.0097107887268,0
1608,2020-08-01,601,1138.9881372451782,0
1609,2020-08-01,607,229.053795337677,0
1610,2020-08-01,608,1661.5480184555054,0
1611,2020-08-01,609,1314.0478730201721,0
1612,2020-08-01,610,229.6847105026245,0
1613,2020-08-01,611,9338.557720184326,0
1614,2020-08-01,612,133.5802674293518,0
1615,2020-08-01,614,926.3831377029419,0
1616,2020-08-01,639,3724.9141931533813,0
1617,2020-08-01,640,123.65847826004028,0
1618,2020-08-01,642,181.16086721420288,0
1619,2020-08-01,678,149.80673789978027,0
1620,2020-08-01,680,2303.5407066345215,0
1621,2020-08-01,681,277.92036533355713,0
1622,2020-08-01,683,292.4957871437073,0
1623,2020-08-01,684,7970.304489135742,0
1624,2020-08-01,685,627.119243144989,0
1625,2020-08-01,686,297.294557094574,0
1626,2020-08-01,704,2189.6567940711975,0
1627,2020-08-01,707,120.9762692451477,0
1628,2020-08-01,710,128.60745191574097,0
1629,2020-08-01,711,113.1671667098999,0
1630,2020-08-01,712,2451.615631580353,0
1631,2020-08-01,713,482.61940479278564,0
1632,2020-08-01,715,2406.899631023407,0
1633,2020-08-01,716,1358.887255191803,0
1634,2020-08-01,736,255.55908679962158,0
1635,2020-08-01,739,1777.2731184959412,0
1636,2020-08-01,742,111.85258626937866,0
1637,2020-08-01,743,8680.286407470703,0
1638,2020-08-01,751,484.83312129974365,0
1639,2020-08-01,768,284.88069772720337,0
1640,2020-08-01,774,1952.3325562477112,0
1641,2020-08-01,780,118.98636817932129,0
1642,2020-08-01,782,378.5178065299988,0
1643,2020-08-01,800,146.26145362854004,0
1644,2020-08-01,803,530.8803915977478,0
1645,2020-08-01,805,468.02818775177,0
1646,2020-08-01,808,451.54571533203125,0
1647,2020-08-01,814,115.24230241775513,0
1648,2020-08-01,815,727.250874042511,0
1649,2020-08-01,832,137.5734806060791,0
1650,2020-08-01,837,3927.68532037735,0
1651,2020-08-01,840,969.3887829780579,0
1652,2020-08-01,846,1598.610281944275,0
1653,2020-08-01,854,142.59636402130127,0
1654,2020-08-01,864,122.05034494400024,0
1655,2020-08-01,869,4253.126680850983,0
1656,2020-08-01,870,136.27678155899048,0
1657,2020-08-01,871,106.89049959182739,0
1658,2020-08-01,889,303.15160751342773,0
1659,2020-08-01,896,108.59578847885132,0
1660,2020-08-01,901,226.86153650283813,0
1661,2020-08-01,904,142.15350151062012,0
1662,2020-08-01,940,326.7976641654968,0
1663,2020-08-01,948,102.55098342895508,0
1664,2020-08-01,950,218.0531620979309,0
1665,2020-08-01,972,4852.81765460968,0
1666,2020-08-01,974,692.1428442001343,0
1667,2020-08-01,980,107.73956775665283,0
1668,2020-08-01,985,1091.8587446212769,0
1669,2020-08-01,992,185.05573272705078,0
1670,2020-08-01,996,148.61971139907837,0
1671,2020-08-01,999,144.31267976760864,0
1672,2020-08-01,1000,384.1203451156616,0
1673,2020-08-01,1001,390.2369737625122,0
1674,2020-08-01,1002,1079.6904563903809,0
1675,2020-08-01,1003,3337.228298187256,0
1676,2020-08-01,1006,111.83619499206543,0
1677,2020-08-01,1008,184.38518047332764,0
1678,2020-08-01,1009,222.7097749710083,0
1679,2020-08-01,1011,2063.816785812378,0
1680,2020-08-01,1022,271.14033699035645,0
1681,2020-08-01,1023,200.17176866531372,0
1682,2020-09-01,37,1216.1445617675781,0
1683,2020-09-01,64,147.48990535736084,0
1684,2020-09-01,96,137.26413249969482,0
1685,2020-09-01,99,2742.8489923477173,0
1686,2020-09-01,178,126.22058391571045,0
1687,2020-09-01,203,122.89851903915405,0
1688,2020-09-01,232,191.2727952003479,0
1689,2020-09-01,233,193.38279962539673,0
1690,2020-09-01,238,415.70335626602173,0
1691,2020-09-01,254,1435.3376626968384,0
1692,2020-09-01,256,101.13179683685303,0
1693,2020-09-01,264,232.62947797775269,0
1694,2020-09-01,265,237.33526468276978,0
1695,2020-09-01,267,6668.724417686462,0
1696,2020-09-01,288,109.35872793197632,0
1697,2020-09-01,301,1203.538179397583,0
1698,2020-09-01,310,2304.157018661499,0
1699,2020-09-01,338,102.64277458190918,0
1700,2020-09-01,340,317.6528215408325,0
1701,2020-09-01,342,269.81979608535767,0
1702,2020-09-01,344,117.08468198776245,0
1703,2020-09-01,346,148.70494604110718,0
1704,2020-09-01,347,229.06243801116943,0
1705,2020-09-01,357,406.36181831359863,0
1706,2020-09-01,360,588.7025594711304,0
1707,2020-09-01,368,117.21491813659668,0
1708,2020-09-01,369,117.84285306930542,0
1709,2020-09-01,395,385.185182094574,0
1710,2020-09-01,425,742.8091764450073,0
1711,2020-09-01,433,805.4566383361816,0
1712,2020-09-01,435,1380.1518082618713,0
1713,2020-09-01,448,896.3248133659363,0
1714,2020-09-01,449,1616.8901324272156,0
1715,2020-09-01,450,1822.6352334022522,0
1716,2020-09-01,451,783.008337020874,0
1717,2020-09-01,454,1824.6698379516602,0
1718,2020-09-01,460,2863.8869524002075,0
1719,2020-09-01,462,218.89954805374146,0
1720,2020-09-01,480,204.8739790916443,0
1721,2020-09-01,489,4846.526384353638,0
1722,2020-09-01,501,2821.9473361968994,0
1723,2020-09-01,519,124.52960014343262,0
1724,2020-09-01,520,188.70562314987183,0
1725,2020-09-01,531,2676.1335134506226,0
1726,2020-09-01,560,142.47000217437744,0
1727,2020-09-01,563,2227.005660533905,0
1728,2020-09-01,565,246.8225359916687,0
1729,2020-09-01,575,280.08222579956055,0
1730,2020-09-01,576,162.2307300567627,0
1731,2020-09-01,577,224.79206323623657,0
1732,2020-09-01,583,1110.5161905288696,0
1733,2020-09-01,589,2279.9625992774963,0
1734,2020-09-01,594,2218.114137649536,0
1735,2020-09-01,598,1640.5153274536133,0
1736,2020-09-01,601,1156.1289429664612,0
1737,2020-09-01,607,228.7161350250244,0
1738,2020-09-01,608,1733.880639076233,0
1739,2020-09-01,609,1641.4743661880493,0
1740,2020-09-01,610,188.37064504623413,0
1741,2020-09-01,611,9484.350681304932,0
1742,2020-09-01,612,179.0231466293335,0
1743,2020-09-01,614,659.8231196403503,0
1744,2020-09-01,639,3714.737594127655,0
1745,2020-09-01,640,144.60206031799316,0
1746,2020-09-01,642,158.5066318511963,0
1747,2020-09-01,680,2592.9993391036987,0
1748,2020-09-01,681,231.05472326278687,0
1749,2020-09-01,683,292.4957871437073,0
1750,2020-09-01,684,7970.304489135742,0
1751,2020-09-01,685,627.119243144989,0
1752,2020-09-01,686,297.294557094574,0
1753,2020-09-01,704,1699.6395587921143,0
1754,2020-09-01,707,128.42655181884766,0
1755,2020-09-01,711,447.16179370880127,0
1756,2020-09-01,712,7696.9969272613525,0
1757,2020-09-01,713,516.5982246398926,0
1758,2020-09-01,715,2406.899631023407,0
1759,2020-09-01,716,1358.887255191803,0
1760,2020-09-01,736,194.33259963989258,0
1761,2020-09-01,739,300.36360025405884,0
1762,2020-09-01,743,8731.04214668274,0
1763,2020-09-01,751,484.83312129974365,0
1764,2020-09-01,768,187.59459257125854,0
1765,2020-09-01,774,583.6650729179382,0
1766,2020-09-01,780,118.42042207717896,0
1767,2020-09-01,782,379.2104125022888,0
1768,2020-09-01,800,122.06465005874634,0
1769,2020-09-01,801,113.75010013580322,0
1770,2020-09-01,805,301.0854125022888,0
1771,2020-09-01,808,414.57027196884155,0
1772,2020-09-01,814,114.68261480331421,0
1773,2020-09-01,815,727.250874042511,0
1774,2020-09-01,832,184.09281969070435,0
1775,2020-09-01,835,175.52882432937622,0
1776,2020-09-01,837,5102.549195289612,0
1777,2020-09-01,840,950.5671262741089,0
1778,2020-09-01,846,1634.925901889801,0
1779,2020-09-01,854,142.59636402130127,0
1780,2020-09-01,864,122.34330177307129,0
1781,2020-09-01,869,3432.5897693634033,0
1782,2020-09-01,870,107.49697685241699,0
1783,2020-09-01,889,303.15160751342773,0
1784,2020-09-01,896,108.64019393920898,0
1785,2020-09-01,901,190.7631754875183,0
1786,2020-09-01,904,171.10824584960938,0
1787,2020-09-01,940,325.46520233154297,0
1788,2020-09-01,948,102.55098342895508,0
1789,2020-09-01,950,218.0531620979309,0
1790,2020-09-01,972,4852.81765460968,0
1791,2020-09-01,974,692.1428442001343,0
1792,2020-09-01,980,107.73956775665283,0
1793,2020-09-01,985,1091.8587446212769,0
1794,2020-09-01,992,185.05573272705078,0
1795,2020-09-01,996,148.61971139907837,0
1796,2020-09-01,999,144.31267976760864,0
1797,2020-09-01,1000,384.1203451156616,0
1798,2020-09-01,1001,390.2369737625122,0
1799,2020-09-01,1002,1079.6904563903809,0
1800,2020-09-01,1003,3337.228298187256,0
1801,2020-09-01,1006,111.83619499206543,0
1802,2020-09-01,1008,184.38518047332764,0
1803,2020-09-01,1009,222.7097749710083,0
1804,2020-09-01,1011,2063.816785812378,0
1805,2020-09-01,1022,271.14033699035645,0
1806,2020-09-01,1023,200.17176866531372,0
1807,2020-10-01,37,1216.1445617675781,0
1808,2020-10-01,64,147.48990535736084,0
1809,2020-10-01,96,137.26413249969482,0
1810,2020-10-01,99,2742.8489923477173,0
1811,2020-10-01,178,126.22058391571045,0
1812,2020-10-01,203,122.86990880966187,0
1813,2020-10-01,232,192.44909286499023,0
1814,2020-10-01,233,193.08000802993774,0
1815,2020-10-01,238,415.54927825927734,0
1816,2020-10-01,254,1433.5048198699951,0
1817,2020-10-01,256,101.13179683685303,0
1818,2020-10-01,264,239.25364017486572,0
1819,2020-10-01,265,239.63183164596558,0
1820,2020-10-01,267,6656.205654144287,0
1821,2020-10-01,288,109.35872793197632,0
1822,2020-10-01,301,1204.8977613449097,0
1823,2020-10-01,310,2300.432026386261,0
1824,2020-10-01,338,102.55783796310425,0
1825,2020-10-01,340,317.56192445755005,0
1826,2020-10-01,342,269.52385902404785,0
1827,2020-10-01,344,116.54555797576904,0
1828,2020-10-01,346,150.9597897529602,0
1829,2020-10-01,347,226.0833978652954,0
1830,2020-10-01,357,407.9866409301758,0
1831,2020-10-01,360,632.6067447662354,0
1832,2020-10-01,368,116.63943529129028,0
1833,2020-10-01,369,114.33064937591553,0
1834,2020-10-01,395,453.59551906585693,0
1835,2020-10-01,425,795.1891422271729,0
1836,2020-10-01,430,370.3606128692627,0
1837,2020-10-01,431,147.9014754295349,0
1838,2020-10-01,432,136.2454891204834,0
1839,2020-10-01,433,1587.0895981788635,0
1840,2020-10-01,435,1348.6593961715698,0
1841,2020-10-01,448,794.3832874298096,0
1842,2020-10-01,449,1459.175944328308,0
1843,2020-10-01,450,2149.9019861221313,0
1844,2020-10-01,451,792.7331328392029,0
1845,2020-10-01,454,1862.432062625885,0
1846,2020-10-01,460,3965.197205543518,0
1847,2020-10-01,462,380.8751702308655,0
1848,2020-10-01,480,183.25567245483398,0
1849,2020-10-01,489,4847.3551869392395,0
1850,2020-10-01,494,285.9872579574585,0
1851,2020-10-01,496,127.98041105270386,0
1852,2020-10-01,501,3397.097885608673,0
1853,2020-10-01,519,128.4337043762207,0
1854,2020-10-01,520,184.86320972442627,0
1855,2020-10-01,528,125.89126825332642,0
1856,2020-10-01,531,3017.4675583839417,0
1857,2020-10-01,560,142.36897230148315,0
1858,2020-10-01,563,2226.0168194770813,0
1859,2020-10-01,565,244.0786361694336,0
1860,2020-10-01,575,279.85185384750366,0
1861,2020-10-01,576,148.78839254379272,0
1862,2020-10-01,577,220.2928066253662,0
1863,2020-10-01,583,1010.0677609443665,0
1864,2020-10-01,589,2290.971875190735,0
1865,2020-10-01,594,2218.18745136261,0
1866,2020-10-01,598,1653.0802845954895,0
1867,2020-10-01,601,1203.4031748771667,0
1868,2020-10-01,607,226.4469861984253,0
1869,2020-10-01,608,1715.4595255851746,0
1870,2020-10-01,609,1684.0019822120667,0
1871,2020-10-01,610,202.85338163375854,0
1872,2020-10-01,611,9618.46113204956,0
1873,2020-10-01,612,228.76769304275513,0
1874,2020-10-01,614,530.8270454406738,0
1875,2020-10-01,617,136.84451580047607,0
1876,2020-10-01,639,3735.9416484832764,0
1877,2020-10-01,640,143.32324266433716,0
1878,2020-10-01,642,145.92111110687256,0
1879,2020-10-01,643,118.91335248947144,0
1880,2020-10-01,680,1763.664186000824,0
1881,2020-10-01,681,262.05509901046753,0
1882,2020-10-01,683,292.1685576438904,0
1883,2020-10-01,684,7966.072559356689,0
1884,2020-10-01,685,626.3533234596252,0
1885,2020-10-01,686,298.14422130584717,0
1886,2020-10-01,704,1704.2917013168335,0
1887,2020-10-01,707,120.36055326461792,0
1888,2020-10-01,711,549.9807000160217,0
1889,2020-10-01,712,9191.632270812988,0
1890,2020-10-01,713,503.13621759414673,0
1891,2020-10-01,715,2406.899631023407,0
1892,2020-10-01,716,1358.887255191803,0
1893,2020-10-01,736,194.84758377075195,0
1894,2020-10-01,739,303.90262603759766,0
1895,2020-10-01,743,8728.87134552002,0
1896,2020-10-01,751,484.83312129974365,0
1897,2020-10-01,768,187.59459257125854,0
1898,2020-10-01,774,584.7007036209106,0
1899,2020-10-01,780,117.68162250518799,0
1900,2020-10-01,782,380.20074367523193,0
1901,2020-10-01,800,122.06465005874634,0
1902,2020-10-01,801,113.75010013580322,0
1903,2020-10-01,805,301.0854125022888,0
1904,2020-10-01,808,421.0391640663147,0
1905,2020-10-01,814,112.10978031158447,0
1906,2020-10-01,815,727.250874042511,0
1907,2020-10-01,832,184.09281969070435,0
1908,2020-10-01,835,175.52882432937622,0
1909,2020-10-01,837,5102.549195289612,0
1910,2020-10-01,840,965.2134776115417,0
1911,2020-10-01,846,1700.3151774406433,0
1912,2020-10-01,854,142.59636402130127,0
1913,2020-10-01,864,122.34330177307129,0
1914,2020-10-01,869,3432.5897693634033,0
1915,2020-10-01,870,107.92583227157593,0
1916,2020-10-01,889,303.15160751342773,0
1917,2020-10-01,896,108.64019393920898,0
1918,2020-10-01,901,190.7631754875183,0
1919,2020-10-01,904,174.9172806739807,0
1920,2020-10-01,940,336.33291721343994,0
1921,2020-10-01,948,102.55098342895508,0
1922,2020-10-01,950,218.0531620979309,0
1923,2020-10-01,972,4852.81765460968,0
1924,2020-10-01,974,692.1428442001343,0
1925,2020-10-01,980,107.73956775665283,0
1926,2020-10-01,985,1091.8587446212769,0
1927,2020-10-01,992,185.05573272705078,0
1928,2020-10-01,996,148.61971139907837,0
1929,2020-10-01,999,144.31267976760864,0
1930,2020-10-01,1000,384.1203451156616,0
1931,2020-10-01,1001,390.2369737625122,0
1932,2020-10-01,1002,1079.6904563903809,0
1933,2020-10-01,1003,3337.228298187256,0
1934,2020-10-01,1006,111.83619499206543,0
1935,2020-10-01,1008,184.38518047332764,0
1936,2020-10-01,1009,222.7097749710083,0
1937,2020-10-01,1011,2063.816785812378,0
1938,2020-10-01,1022,271.14033699035645,0
1939,2020-10-01,1023,200.17176866531372,0
1940,2020-11-01,37,1216.1445617675781,0
1941,2020-11-01,64,147.48990535736084,0
1942,2020-11-01,96,137.26413249969482,0
1943,2020-11-01,99,2742.8489923477173,0
1944,2020-11-01,178,126.22058391571045,0
1945,2020-11-01,203,122.87735939025879,0
1946,2020-11-01,232,194.29564476013184,0
1947,2020-11-01,233,192.50333309173584,0
1948,2020-11-01,238,415.4789447784424,0
1949,2020-11-01,254,1429.5640587806702,0
1950,2020-11-01,256,101.13179683685303,0
1951,2020-11-01,264,239.85624313354492,0
1952,2020-11-01,265,237.21694946289062,0
1953,2020-11-01,267,6622.44975566864,0
1954,2020-11-01,288,109.35872793197632,0
1955,2020-11-01,301,1207.3808908462524,0
1956,2020-11-01,310,2289.7401452064514,0
1957,2020-11-01,338,102.10424661636353,0
1958,2020-11-01,340,316.1516785621643,0
1959,2020-11-01,342,268.5260772705078,0
1960,2020-11-01,344,116.3262128829956,0
1961,2020-11-01,346,164.79164361953735,0
1962,2020-11-01,347,216.79610013961792,0
1963,2020-11-01,357,408.50311517715454,0
1964,2020-11-01,360,635.5947256088257,0
1965,2020-11-01,368,121.13392353057861,0
1966,2020-11-01,369,105.81910610198975,0
1967,2020-11-01,395,567.0619010925293,0
1968,2020-11-01,425,814.5353198051453,0
1969,2020-11-01,430,1411.210298538208,0
1970,2020-11-01,431,191.5869116783142,0
1971,2020-11-01,432,218.71715784072876,0
1972,2020-11-01,433,2956.3352465629578,0
1973,2020-11-01,435,1335.8232378959656,0
1974,2020-11-01,448,813.6731386184692,0
1975,2020-11-01,449,1588.0271792411804,0
1976,2020-11-01,450,2418.3744192123413,0
1977,2020-11-01,451,890.9016847610474,0
1978,2020-11-01,452,106.1934232711792,0
1979,2020-11-01,454,1940.1943683624268,0
1980,2020-11-01,460,5431.32483959198,0
1981,2020-11-01,462,536.043643951416,0
1982,2020-11-01,480,198.62979650497437,0
1983,2020-11-01,489,4846.174418926239,0
1984,2020-11-01,494,3704.255223274231,0
1985,2020-11-01,496,268.6828374862671,0
1986,2020-11-01,501,4926.158487796783,0
1987,2020-11-01,519,141.67487621307373,0
1988,2020-11-01,520,185.1189136505127,0
1989,2020-11-01,528,310.4403614997864,0
1990,2020-11-01,529,1241.6920065879822,0
1991,2020-11-01,531,3721.259832382202,0
1992,2020-11-01,560,142.08495616912842,0
1993,2020-11-01,563,2222.16933965683,0
1994,2020-11-01,565,236.39976978302002,0
1995,2020-11-01,575,280.05659580230713,0
1996,2020-11-01,576,147.57752418518066,0
1997,2020-11-01,577,196.32607698440552,0
1998,2020-11-01,583,1033.5621237754822,0
1999,2020-11-01,589,2315.305173397064,0
2000,2020-11-01,594,2218.5778617858887,0
2001,2020-11-01,598,1657.7976942062378,0
2002,2020-11-01,601,1292.373538017273,0
2003,2020-11-01,607,223.55973720550537,0
2004,2020-11-01,608,1603.9371490478516,0
2005,2020-11-01,609,1506.5386891365051,0
2006,2020-11-01,610,185.02533435821533,0
2007,2020-11-01,611,9601.240158081055,0
2008,2020-11-01,612,198.23014736175537,0
2009,2020-11-01,614,460.40743589401245,0
2010,2020-11-01,617,137.176513671875,0
2011,2020-11-01,639,3790.0763750076294,0
2012,2020-11-01,640,143.32324266433716,0
2013,2020-11-01,642,146.08442783355713,0
2014,2020-11-01,643,117.1991229057312,0
2015,2020-11-01,680,1788.4358763694763,0
2016,2020-11-01,681,252.79074907302856,0
2017,2020-11-01,683,291.3403511047363,0
2018,2020-11-01,684,7973.823547363281,0
2019,2020-11-01,685,626.7639994621277,0
2020,2020-11-01,686,300.1207113265991,0
2021,2020-11-01,704,1704.2917013168335,0
2022,2020-11-01,707,120.36055326461792,0
2023,2020-11-01,711,550.0510334968567,0
2024,2020-11-01,712,9192.982912063599,0
2025,2020-11-01,713,504.1569471359253,0
2026,2020-11-01,715,2410.682737827301,0
2027,2020-11-01,716,1359.1495156288147,0
2028,2020-11-01,736,194.84758377075195,0
2029,2020-11-01,739,303.90262603759766,0
2030,2020-11-01,743,8731.236457824707,0
2031,2020-11-01,751,484.83312129974365,0
2032,2020-11-01,768,187.59459257125854,0
2033,2020-11-01,774,592.4415588378906,0
2034,2020-11-01,780,114.13216590881348,0
2035,2020-11-01,782,381.5346956253052,0
2036,2020-11-01,800,122.06465005874634,0
2037,2020-11-01,801,113.75010013580322,0
2038,2020-11-01,805,301.421582698822,0
2039,2020-11-01,808,451.90006494522095,0
2040,2020-11-01,814,105.2325963973999,0
2041,2020-11-01,815,727.250874042511,0
2042,2020-11-01,832,184.09281969070435,0
2043,2020-11-01,835,175.52882432937622,0
2044,2020-11-01,837,5104.747414588928,0
2045,2020-11-01,840,1003.9389133453369,0
2046,2020-11-01,846,1760.0926756858826,0
2047,2020-11-01,854,142.59636402130127,0
2048,2020-11-01,864,122.34330177307129,0
2049,2020-11-01,869,3431.9818019866943,0
2050,2020-11-01,870,110.03077030181885,0
2051,2020-11-01,889,303.15160751342773,0
2052,2020-11-01,896,108.64019393920898,0
2053,2020-11-01,901,190.6883716583252,0
2054,2020-11-01,904,182.84887075424194,0
2055,2020-11-01,940,410.46708822250366,0
2056,2020-11-01,948,102.55098342895508,0
2057,2020-11-01,950,218.0531620979309,0
2058,2020-11-01,972,4852.81765460968,0
2059,2020-11-01,974,692.1428442001343,0
2060,2020-11-01,980,107.73956775665283,0
2061,2020-11-01,985,1091.8587446212769,0
2062,2020-11-01,992,185.05573272705078,0
2063,2020-11-01,996,148.61971139907837,0
2064,2020-11-01,999,144.31267976760864,0
2065,2020-11-01,1000,384.1203451156616,0
2066,2020-11-01,1001,390.2369737625122,0
2067,2020-11-01,1002,1079.6904563903809,0
2068,2020-11-01,1003,3337.228298187256,0
2069,2020-11-01,1006,111.83619499206543,0
2070,2020-11-01,1008,184.38518047332764,0
2071,2020-11-01,1009,222.7097749710083,0
2072,2020-11-01,1011,2063.816785812378,0
2073,2020-11-01,1022,271.14033699035645,0
2074,2020-11-01,1023,200.17176866531372,0
2075,2020-12-01,37,1216.1445617675781,0
2076,2020-12-01,64,147.48990535736084,0
2077,2020-12-01,96,137.26413249969482,0
2078,2020-12-01,99,2742.8489923477173,0
2079,2020-12-01,178,126.20478868484497,0
2080,2020-12-01,203,122.91103601455688,0
2081,2020-12-01,232,195.58221101760864,0
2082,2020-12-01,233,191.9877529144287,0
2083,2020-12-01,238,415.4914617538452,0
2084,2020-12-01,254,1421.2030172348022,0
2085,2020-12-01,256,101.1309027671814,0
2086,2020-12-01,264,236.7115020751953,0
2087,2020-12-01,265,234.01886224746704,0
2088,2020-12-01,267,6592.352390289307,0
2089,2020-12-01,288,109.3551516532898,0
2090,2020-12-01,301,1225.1928448677063,0
2091,2020-12-01,310,2214.8260474205017,0
2092,2020-12-01,338,104.10964488983154,0
2093,2020-12-01,340,311.9441866874695,0
2094,2020-12-01,342,264.31888341903687,0
2095,2020-12-01,344,117.12342500686646,0
2096,2020-12-01,346,205.85626363754272,0
2097,2020-12-01,347,201.05421543121338,0
2098,2020-12-01,357,404.97303009033203,0
2099,2020-12-01,360,620.7823753356934,0
2100,2020-12-01,368,130.79345226287842,0
2101,2020-12-01,369,101.76688432693481,0
2102,2020-12-01,395,625.5403161048889,0
2103,2020-12-01,425,828.3576369285583,0
2104,2020-12-01,430,2021.971344947815,0
2105,2020-12-01,431,151.6968011856079,0
2106,2020-12-01,432,159.96813774108887,0
2107,2020-12-01,433,3700.1296877861023,0
2108,2020-12-01,435,1370.5849647521973,0
2109,2020-12-01,448,819.1123604774475,0
2110,2020-12-01,449,1819.05597448349,0
2111,2020-12-01,450,2776.3473987579346,0
2112,2020-12-01,451,996.2505102157593,0
2113,2020-12-01,452,122.7453351020813,0
2114,2020-12-01,454,2041.9931411743164,0
2115,2020-12-01,460,6198.268532752991,0
2116,2020-12-01,462,151.60411596298218,0
2117,2020-12-01,480,217.3858880996704,0
2118,2020-12-01,489,4871.346354484558,0
2119,2020-12-01,491,101.66198015213013,0
2120,2020-12-01,494,3989.8648858070374,0
2121,2020-12-01,501,6077.190637588501,0
2122,2020-12-01,519,167.21785068511963,0
2123,2020-12-01,520,185.31650304794312,0
2124,2020-12-01,528,329.6610713005066,0
2125,2020-12-01,529,6076.952815055847,0
2126,2020-12-01,531,4442.155957221985,0
2127,2020-12-01,560,141.5911316871643,0
2128,2020-12-01,563,2220.047116279602,0
2129,2020-12-01,565,232.63603448867798,0
2130,2020-12-01,575,290.3860807418823,0
2131,2020-12-01,576,145.5739140510559,0
2132,2020-12-01,577,164.30586576461792,0
2133,2020-12-01,583,995.3027963638306,0
2134,2020-12-01,589,2314.6802186965942,0
2135,2020-12-01,594,2218.809723854065,0
2136,2020-12-01,598,1657.7693819999695,0
2137,2020-12-01,601,1328.9892673492432,0
2138,2020-12-01,602,102.22315788269043,0
2139,2020-12-01,607,229.39324378967285,0
2140,2020-12-01,608,1468.1801199913025,0
2141,2020-12-01,609,1276.024878025055,0
2142,2020-12-01,610,160.43126583099365,0
2143,2020-12-01,611,9582.234621047974,0
2144,2020-12-01,612,177.40845680236816,0
2145,2020-12-01,614,348.19722175598145,0
2146,2020-12-01,617,133.60977172851562,0
2147,2020-12-01,639,3976.1096239089966,0
2148,2020-12-01,640,143.35215091705322,0
2149,2020-12-01,642,143.33099126815796,0
2150,2020-12-01,643,112.61135339736938,0
2151,2020-12-01,680,1952.7670741081238,0
2152,2020-12-01,681,253.49676609039307,0
2153,2020-12-01,683,307.83921480178833,0
2154,2020-12-01,684,8078.91845703125,0
2155,2020-12-01,685,625.709593296051,0
2156,2020-12-01,686,304.6444058418274,0
2157,2020-12-01,704,1704.2917013168335,0
2158,2020-12-01,707,120.36055326461792,0
2159,2020-12-01,711,554.688572883606,0
2160,2020-12-01,712,9229.661226272583,0
2161,2020-12-01,713,524.5533585548401,0
2162,2020-12-01,715,2548.3104586601257,0
2163,2020-12-01,716,1365.397870540619,0
2164,2020-12-01,736,194.84758377075195,0
2165,2020-12-01,739,303.90262603759766,0
2166,2020-12-01,743,8746.500015258789,0
2167,2020-12-01,751,484.83312129974365,0
2168,2020-12-01,768,187.59459257125854,0
2169,2020-12-01,774,609.2968583106995,0
2170,2020-12-01,780,108.94566774368286,0
2171,2020-12-01,782,382.138192653656,0
2172,2020-12-01,800,122.06465005874634,0
2173,2020-12-01,801,113.75010013580322,0
2174,2020-12-01,805,302.3940324783325,0
2175,2020-12-01,808,513.8546228408813,0
2176,2020-12-01,815,727.250874042511,0
2177,2020-12-01,832,184.09281969070435,0
2178,2020-12-01,835,175.52882432937622,0
2179,2020-12-01,837,5111.60135269165,0
2180,2020-12-01,840,1055.3544759750366,0
2181,2020-12-01,846,1774.8460173606873,0
2182,2020-12-01,854,142.59636402130127,0
2183,2020-12-01,864,122.34330177307129,0
2184,2020-12-01,869,3431.7389130592346,0
2185,2020-12-01,870,113.8240098953247,0
2186,2020-12-01,889,303.15160751342773,0
2187,2020-12-01,896,108.64019393920898,0
2188,2020-12-01,901,190.66721200942993,0
2189,2020-12-01,904,188.46213817596436,0
2190,2020-12-01,940,595.2122807502747,0
2191,2020-12-01,948,102.55098342895508,0
2192,2020-12-01,950,218.0531620979309,0
2193,2020-12-01,972,4852.81765460968,0
2194,2020-12-01,974,692.1428442001343,0
2195,2020-12-01,980,107.73956775665283,0
2196,2020-12-01,985,1091.8587446212769,0
2197,2020-12-01,992,185.05573272705078,0
2198,2020-12-01,996,148.61971139907837,0
2199,2020-12-01,999,144.31267976760864,0
2200,2020-12-01,1000,384.1203451156616,0
2201,2020-12-01,1001,390.2369737625122,0
2202,2020-12-01,1002,1079.6904563903809,0
2203,2020-12-01,1003,3337.228298187256,0
2204,2020-12-01,1006,111.83619499206543,0
2205,2020-12-01,1008,184.38518047332764,0
2206,2020-12-01,1009,222.7097749710083,0
2207,2020-12-01,1011,2063.816785812378,0
2208,2020-12-01,1022,271.14033699035645,0
2209,2020-12-01,1023,200.17176866531372,0
2210,2021-01-01,37,1216.1445617675781,0
2211,2021-01-01,64,147.48990535736084,0
2212,2021-01-01,96,137.26413249969482,0
2213,2021-01-01,99,2742.8489923477173,0
2214,2021-01-01,178,126.18154287338257,0
2215,2021-01-01,203,122.91103601455688,0
2216,2021-01-01,232,195.58101892471313,0
2217,2021-01-01,233,191.9880509376526,0
2218,2021-01-01,238,415.52215814590454,0
2219,2021-01-01,254,1413.3036136627197,0
2220,2021-01-01,256,101.1309027671814,0
2221,2021-01-01,264,236.700177192688,0
2222,2021-01-01,265,234.10290479660034,0
2223,2021-01-01,267,6594.101786613464,0
2224,2021-01-01,288,109.3551516532898,0
2225,2021-01-01,301,1228.3402681350708,0
2226,2021-01-01,310,2063.5679364204407,0
2227,2021-01-01,338,111.25057935714722,0
2228,2021-01-01,340,304.243266582489,0
2229,2021-01-01,342,256.2442421913147,0
2230,2021-01-01,344,116.10150337219238,0
2231,2021-01-01,346,286.05252504348755,0
2232,2021-01-01,347,180.92215061187744,0
2233,2021-01-01,357,404.97392416000366,0
2234,2021-01-01,360,621.0145354270935,0
2235,2021-01-01,368,146.07012271881104,0
2236,2021-01-01,395,629.744827747345,0
2237,2021-01-01,425,828.2774686813354,0
2238,2021-01-01,430,2379.741668701172,0
2239,2021-01-01,431,169.65806484222412,0
2240,2021-01-01,432,169.11238431930542,0
2241,2021-01-01,433,4316.713213920593,0
2242,2021-01-01,435,801.3936877250671,0
2243,2021-01-01,448,848.0751514434814,0
2244,2021-01-01,449,1841.3597345352173,0
2245,2021-01-01,450,2857.983112335205,0
2246,2021-01-01,451,1034.5882177352905,0
2247,2021-01-01,452,125.80782175064087,0
2248,2021-01-01,454,2040.0318503379822,0
2249,2021-01-01,460,6212.6970291137695,0
2250,2021-01-01,462,167.2118902206421,0
2251,2021-01-01,480,232.7936887741089,0
2252,2021-01-01,489,4883.089959621429,0
2253,2021-01-01,491,103.37501764297485,0
2254,2021-01-01,494,4071.269631385803,0
2255,2021-01-01,501,6193.494200706482,0
2256,2021-01-01,519,168.49428415298462,0
2257,2021-01-01,520,185.71794033050537,0
2258,2021-01-01,528,294.88205909729004,0
2259,2021-01-01,529,7013.959884643555,0
2260,2021-01-01,530,160.82286834716797,0
2261,2021-01-01,531,2684.4435930252075,0
2262,2021-01-01,560,141.17449522018433,0
2263,2021-01-01,563,2220.047116279602,0
2264,2021-01-01,565,232.63603448867798,0
2265,2021-01-01,575,319.06038522720337,0
2266,2021-01-01,576,132.3479413986206,0
2267,2021-01-01,577,165.2216911315918,0
2268,2021-01-01,583,931.8819642066956,0
2269,2021-01-01,589,2248.39448928833,0
2270,2021-01-01,594,2218.809723854065,0
2271,2021-01-01,598,1657.8197479248047,0
2272,2021-01-01,601,1311.209797859192,0
2273,2021-01-01,602,103.02543640136719,0
2274,2021-01-01,607,253.75723838806152,0
2275,2021-01-01,608,1408.7340235710144,0
2276,2021-01-01,609,1315.3713941574097,0
2277,2021-01-01,610,171.40060663223267,0
2278,2021-01-01,611,9550.140500068665,0
2279,2021-01-01,612,191.5121078491211,0
2280,2021-01-01,614,320.1580047607422,0
2281,2021-01-01,617,127.3605227470398,0
2282,2021-01-01,639,4340.048730373383,0
2283,2021-01-01,640,143.47970485687256,0
2284,2021-01-01,642,137.81428337097168,0
2285,2021-01-01,643,110.48465967178345,0
2286,2021-01-01,680,2269.2659497261047,0
2287,2021-01-01,681,243.63845586776733,0
2288,2021-01-01,683,322.951078414917,0
2289,2021-01-01,684,8191.795349121094,0
2290,2021-01-01,685,611.7340922355652,0
2291,2021-01-01,686,311.8455410003662,0
2292,2021-01-01,704,1704.2917013168335,0
2293,2021-01-01,707,120.36055326461792,0
2294,2021-01-01,711,566.9146776199341,0
2295,2021-01-01,712,9278.370141983032,0
2296,2021-01-01,713,562.9080533981323,0
2297,2021-01-01,715,2782.2303771972656,0
2298,2021-01-01,716,1370.5122470855713,0
2299,2021-01-01,736,194.84758377075195,0
2300,2021-01-01,739,303.90262603759766,0
2301,2021-01-01,743,8746.500015258789,0
2302,2021-01-01,751,484.83312129974365,0
2303,2021-01-01,768,187.59459257125854,0
2304,2021-01-01,774,609.2968583106995,0
2305,2021-01-01,780,108.94566774368286,0
2306,2021-01-01,782,382.138192653656,0
2307,2021-01-01,800,122.06465005874634,0
2308,2021-01-01,801,113.75010013580322,0
2309,2021-01-01,805,302.3940324783325,0
2310,2021-01-01,808,513.8546228408813,0
2311,2021-01-01,815,727.250874042511,0
2312,2021-01-01,832,184.09281969070435,0
2313,2021-01-01,835,175.52882432937622,0
2314,2021-01-01,837,5111.60135269165,0
2315,2021-01-01,840,1055.3544759750366,0
2316,2021-01-01,846,1774.8460173606873,0
2317,2021-01-01,854,142.59636402130127,0
2318,2021-01-01,864,122.34330177307129,0
2319,2021-01-01,869,3431.7389130592346,0
2320,2021-01-01,870,113.8240098953247,0
2321,2021-01-01,889,303.15160751342773,0
2322,2021-01-01,896,108.64019393920898,0
2323,2021-01-01,901,190.66721200942993,0
2324,2021-01-01,904,188.46213817596436,0
2325,2021-01-01,940,595.2122807502747,0
2326,2021-01-01,948,102.55098342895508,0
2327,2021-01-01,950,218.0531620979309,0
2328,2021-01-01,972,4852.81765460968,0
2329,2021-01-01,974,692.1428442001343,0
2330,2021-01-01,980,107.73956775665283,0
2331,2021-01-01,985,1091.8587446212769,0
2332,2021-01-01,992,185.05573272705078,0
2333,2021-01-01,996,148.61971139907837,0
2334,2021-01-01,999,144.31267976760864,0
2335,2021-01-01,1000,384.1203451156616,0
2336,2021-01-01,1001,390.2369737625122,0
2337,2021-01-01,1002,1079.6904563903809,0
2338,2021-01-01,1003,3337.228298187256,0
2339,2021-01-01,1006,111.83619499206543,0
2340,2021-01-01,1008,184.38518047332764,0
2341,2021-01-01,1009,222.7097749710083,0
2342,2021-01-01,1011,2063.816785812378,0
2343,2021-01-01,1022,271.14033699035645,0
2344,2021-01-01,1023,200.17176866531372,0
